G1,client_data/G1_dfb82f9e-99bc-11ec-b6b7-1e00bb0e4e21/dfb83930-99bc-11ec-b6b7-1e00bb0e4e21,client_data/G1_dfb82f9e-99bc-11ec-b6b7-1e00bb0e4e21/dfb83930-99bc-11ec-b6b7-1e00bb0e4e21
G1,client_data/G1_dfb82f9e-99bc-11ec-b6b7-1e00bb0e4e21/dfb83c64-99bc-11ec-b6b7-1e00bb0e4e21,client_data/G1_dfb82f9e-99bc-11ec-b6b7-1e00bb0e4e21/dfb83c64-99bc-11ec-b6b7-1e00bb0e4e21
G1,client_data/G1_dfb82f9e-99bc-11ec-b6b7-1e00bb0e4e21/dfb83fa2-99bc-11ec-b6b7-1e00bb0e4e21,client_data/G1_dfb82f9e-99bc-11ec-b6b7-1e00bb0e4e21/dfb83fa2-99bc-11ec-b6b7-1e00bb0e4e21
G1,client_data/G1_dfb82f9e-99bc-11ec-b6b7-1e00bb0e4e21/dfb84290-99bc-11ec-b6b7-1e00bb0e4e21,client_data/G1_dfb82f9e-99bc-11ec-b6b7-1e00bb0e4e21/dfb84290-99bc-11ec-b6b7-1e00bb0e4e21
G1,client_data/G1_dfb82f9e-99bc-11ec-b6b7-1e00bb0e4e21/dfb8452e-99bc-11ec-b6b7-1e00bb0e4e21,client_data/G1_dfb82f9e-99bc-11ec-b6b7-1e00bb0e4e21/dfb8452e-99bc-11ec-b6b7-1e00bb0e4e21
G1,client_data/G1_dfb82f9e-99bc-11ec-b6b7-1e00bb0e4e21/dfb847ea-99bc-11ec-b6b7-1e00bb0e4e21,client_data/G1_dfb82f9e-99bc-11ec-b6b7-1e00bb0e4e21/dfb847ea-99bc-11ec-b6b7-1e00bb0e4e21
G1,client_data/G1_dfb82f9e-99bc-11ec-b6b7-1e00bb0e4e21/dfb84a56-99bc-11ec-b6b7-1e00bb0e4e21,client_data/G1_dfb82f9e-99bc-11ec-b6b7-1e00bb0e4e21/dfb84a56-99bc-11ec-b6b7-1e00bb0e4e21
G1,client_data/G1_dfb82f9e-99bc-11ec-b6b7-1e00bb0e4e21/dfb84d08-99bc-11ec-b6b7-1e00bb0e4e21,client_data/G1_dfb82f9e-99bc-11ec-b6b7-1e00bb0e4e21/dfb84d08-99bc-11ec-b6b7-1e00bb0e4e21
G1,client_data/G1_dfb82f9e-99bc-11ec-b6b7-1e00bb0e4e21/dfb84f6a-99bc-11ec-b6b7-1e00bb0e4e21,client_data/G1_dfb82f9e-99bc-11ec-b6b7-1e00bb0e4e21/dfb84f6a-99bc-11ec-b6b7-1e00bb0e4e21
G1,client_data/G1_dfb82f9e-99bc-11ec-b6b7-1e00bb0e4e21/dfb851fe-99bc-11ec-b6b7-1e00bb0e4e21,client_data/G1_dfb82f9e-99bc-11ec-b6b7-1e00bb0e4e21/dfb851fe-99bc-11ec-b6b7-1e00bb0e4e21
G1,client_data/G1_dfb82f9e-99bc-11ec-b6b7-1e00bb0e4e21/dfb8546a-99bc-11ec-b6b7-1e00bb0e4e21,client_data/G1_dfb82f9e-99bc-11ec-b6b7-1e00bb0e4e21/dfb8546a-99bc-11ec-b6b7-1e00bb0e4e21
G1,client_data/G1_dfb82f9e-99bc-11ec-b6b7-1e00bb0e4e21/dfb85758-99bc-11ec-b6b7-1e00bb0e4e21,client_data/G1_dfb82f9e-99bc-11ec-b6b7-1e00bb0e4e21/dfb85758-99bc-11ec-b6b7-1e00bb0e4e21
G1,client_data/G1_dfb82f9e-99bc-11ec-b6b7-1e00bb0e4e21/dfb85a32-99bc-11ec-b6b7-1e00bb0e4e21,client_data/G1_dfb82f9e-99bc-11ec-b6b7-1e00bb0e4e21/dfb85a32-99bc-11ec-b6b7-1e00bb0e4e21
G1,client_data/G1_dfb82f9e-99bc-11ec-b6b7-1e00bb0e4e21/dfb85d48-99bc-11ec-b6b7-1e00bb0e4e21,client_data/G1_dfb82f9e-99bc-11ec-b6b7-1e00bb0e4e21/dfb85d48-99bc-11ec-b6b7-1e00bb0e4e21
G1,client_data/G1_dfb82f9e-99bc-11ec-b6b7-1e00bb0e4e21/dfb85ff0-99bc-11ec-b6b7-1e00bb0e4e21,client_data/G1_dfb82f9e-99bc-11ec-b6b7-1e00bb0e4e21/dfb85ff0-99bc-11ec-b6b7-1e00bb0e4e21
G1,client_data/G1_dfb82f9e-99bc-11ec-b6b7-1e00bb0e4e21/dfb862e8-99bc-11ec-b6b7-1e00bb0e4e21,client_data/G1_dfb82f9e-99bc-11ec-b6b7-1e00bb0e4e21/dfb862e8-99bc-11ec-b6b7-1e00bb0e4e21
G1,client_data/G1_dfb82f9e-99bc-11ec-b6b7-1e00bb0e4e21/dfb865e0-99bc-11ec-b6b7-1e00bb0e4e21,client_data/G1_dfb82f9e-99bc-11ec-b6b7-1e00bb0e4e21/dfb865e0-99bc-11ec-b6b7-1e00bb0e4e21
G1,client_data/G1_dfb82f9e-99bc-11ec-b6b7-1e00bb0e4e21/dfb8687e-99bc-11ec-b6b7-1e00bb0e4e21,client_data/G1_dfb82f9e-99bc-11ec-b6b7-1e00bb0e4e21/dfb8687e-99bc-11ec-b6b7-1e00bb0e4e21
G1,client_data/G1_dfb82f9e-99bc-11ec-b6b7-1e00bb0e4e21/dfb86b3a-99bc-11ec-b6b7-1e00bb0e4e21,client_data/G1_dfb82f9e-99bc-11ec-b6b7-1e00bb0e4e21/dfb86b3a-99bc-11ec-b6b7-1e00bb0e4e21
G1,client_data/G1_dfb82f9e-99bc-11ec-b6b7-1e00bb0e4e21/dfb86da6-99bc-11ec-b6b7-1e00bb0e4e21,client_data/G1_dfb82f9e-99bc-11ec-b6b7-1e00bb0e4e21/dfb86da6-99bc-11ec-b6b7-1e00bb0e4e21
G1,client_data/G1_dfb82f9e-99bc-11ec-b6b7-1e00bb0e4e21/dfb87120-99bc-11ec-b6b7-1e00bb0e4e21,client_data/G1_dfb82f9e-99bc-11ec-b6b7-1e00bb0e4e21/dfb87120-99bc-11ec-b6b7-1e00bb0e4e21
G1,client_data/G1_dfb82f9e-99bc-11ec-b6b7-1e00bb0e4e21/dfb87436-99bc-11ec-b6b7-1e00bb0e4e21,client_data/G1_dfb82f9e-99bc-11ec-b6b7-1e00bb0e4e21/dfb87436-99bc-11ec-b6b7-1e00bb0e4e21
G1,client_data/G1_dfb82f9e-99bc-11ec-b6b7-1e00bb0e4e21/dfb87738-99bc-11ec-b6b7-1e00bb0e4e21,client_data/G1_dfb82f9e-99bc-11ec-b6b7-1e00bb0e4e21/dfb87738-99bc-11ec-b6b7-1e00bb0e4e21
G1,client_data/G1_dfb82f9e-99bc-11ec-b6b7-1e00bb0e4e21/dfb879f4-99bc-11ec-b6b7-1e00bb0e4e21,client_data/G1_dfb82f9e-99bc-11ec-b6b7-1e00bb0e4e21/dfb879f4-99bc-11ec-b6b7-1e00bb0e4e21
G1,client_data/G1_dfb82f9e-99bc-11ec-b6b7-1e00bb0e4e21/dfb87c88-99bc-11ec-b6b7-1e00bb0e4e21,client_data/G1_dfb82f9e-99bc-11ec-b6b7-1e00bb0e4e21/dfb87c88-99bc-11ec-b6b7-1e00bb0e4e21
G1,client_data/G1_dfb82f9e-99bc-11ec-b6b7-1e00bb0e4e21/dfb87f58-99bc-11ec-b6b7-1e00bb0e4e21,client_data/G1_dfb82f9e-99bc-11ec-b6b7-1e00bb0e4e21/dfb87f58-99bc-11ec-b6b7-1e00bb0e4e21
G1,client_data/G1_dfb82f9e-99bc-11ec-b6b7-1e00bb0e4e21/dfb881a6-99bc-11ec-b6b7-1e00bb0e4e21,client_data/G1_dfb82f9e-99bc-11ec-b6b7-1e00bb0e4e21/dfb881a6-99bc-11ec-b6b7-1e00bb0e4e21
G1,client_data/G1_dfb82f9e-99bc-11ec-b6b7-1e00bb0e4e21/dfb884ee-99bc-11ec-b6b7-1e00bb0e4e21,client_data/G1_dfb82f9e-99bc-11ec-b6b7-1e00bb0e4e21/dfb884ee-99bc-11ec-b6b7-1e00bb0e4e21
G1,client_data/G1_dfb82f9e-99bc-11ec-b6b7-1e00bb0e4e21/dfb887c8-99bc-11ec-b6b7-1e00bb0e4e21,client_data/G1_dfb82f9e-99bc-11ec-b6b7-1e00bb0e4e21/dfb887c8-99bc-11ec-b6b7-1e00bb0e4e21
G1,client_data/G1_dfb82f9e-99bc-11ec-b6b7-1e00bb0e4e21/dfb88a84-99bc-11ec-b6b7-1e00bb0e4e21,client_data/G1_dfb82f9e-99bc-11ec-b6b7-1e00bb0e4e21/dfb88a84-99bc-11ec-b6b7-1e00bb0e4e21
G1,client_data/G1_dfb82f9e-99bc-11ec-b6b7-1e00bb0e4e21/dfb88d5e-99bc-11ec-b6b7-1e00bb0e4e21,client_data/G1_dfb82f9e-99bc-11ec-b6b7-1e00bb0e4e21/dfb88d5e-99bc-11ec-b6b7-1e00bb0e4e21
G1,client_data/G1_dfb82f9e-99bc-11ec-b6b7-1e00bb0e4e21/dfb88fca-99bc-11ec-b6b7-1e00bb0e4e21,client_data/G1_dfb82f9e-99bc-11ec-b6b7-1e00bb0e4e21/dfb88fca-99bc-11ec-b6b7-1e00bb0e4e21
G1,client_data/G1_dfb82f9e-99bc-11ec-b6b7-1e00bb0e4e21/dfb8922c-99bc-11ec-b6b7-1e00bb0e4e21,client_data/G1_dfb82f9e-99bc-11ec-b6b7-1e00bb0e4e21/dfb8922c-99bc-11ec-b6b7-1e00bb0e4e21
G1,client_data/G1_dfb82f9e-99bc-11ec-b6b7-1e00bb0e4e21/dfb8947a-99bc-11ec-b6b7-1e00bb0e4e21,client_data/G1_dfb82f9e-99bc-11ec-b6b7-1e00bb0e4e21/dfb8947a-99bc-11ec-b6b7-1e00bb0e4e21
G1,client_data/G1_dfb82f9e-99bc-11ec-b6b7-1e00bb0e4e21/dfb8970e-99bc-11ec-b6b7-1e00bb0e4e21,client_data/G1_dfb82f9e-99bc-11ec-b6b7-1e00bb0e4e21/dfb8970e-99bc-11ec-b6b7-1e00bb0e4e21
G1,client_data/G1_dfb82f9e-99bc-11ec-b6b7-1e00bb0e4e21/dfb899d4-99bc-11ec-b6b7-1e00bb0e4e21,client_data/G1_dfb82f9e-99bc-11ec-b6b7-1e00bb0e4e21/dfb899d4-99bc-11ec-b6b7-1e00bb0e4e21
G1,client_data/G1_dfb82f9e-99bc-11ec-b6b7-1e00bb0e4e21/dfb89c5e-99bc-11ec-b6b7-1e00bb0e4e21,client_data/G1_dfb82f9e-99bc-11ec-b6b7-1e00bb0e4e21/dfb89c5e-99bc-11ec-b6b7-1e00bb0e4e21
G1,client_data/G1_dfb82f9e-99bc-11ec-b6b7-1e00bb0e4e21/dfb89ed4-99bc-11ec-b6b7-1e00bb0e4e21,client_data/G1_dfb82f9e-99bc-11ec-b6b7-1e00bb0e4e21/dfb89ed4-99bc-11ec-b6b7-1e00bb0e4e21
G1,client_data/G1_dfb82f9e-99bc-11ec-b6b7-1e00bb0e4e21/dfb8a154-99bc-11ec-b6b7-1e00bb0e4e21,client_data/G1_dfb82f9e-99bc-11ec-b6b7-1e00bb0e4e21/dfb8a154-99bc-11ec-b6b7-1e00bb0e4e21
G1,client_data/G1_dfb82f9e-99bc-11ec-b6b7-1e00bb0e4e21/dfb8a3a2-99bc-11ec-b6b7-1e00bb0e4e21,client_data/G1_dfb82f9e-99bc-11ec-b6b7-1e00bb0e4e21/dfb8a3a2-99bc-11ec-b6b7-1e00bb0e4e21
G1,client_data/G1_dfb82f9e-99bc-11ec-b6b7-1e00bb0e4e21/dfb8a604-99bc-11ec-b6b7-1e00bb0e4e21,client_data/G1_dfb82f9e-99bc-11ec-b6b7-1e00bb0e4e21/dfb8a604-99bc-11ec-b6b7-1e00bb0e4e21
G1,client_data/G1_dfb82f9e-99bc-11ec-b6b7-1e00bb0e4e21/dfb8a8c0-99bc-11ec-b6b7-1e00bb0e4e21,client_data/G1_dfb82f9e-99bc-11ec-b6b7-1e00bb0e4e21/dfb8a8c0-99bc-11ec-b6b7-1e00bb0e4e21
G1,client_data/G1_dfb82f9e-99bc-11ec-b6b7-1e00bb0e4e21/dfb8abb8-99bc-11ec-b6b7-1e00bb0e4e21,client_data/G1_dfb82f9e-99bc-11ec-b6b7-1e00bb0e4e21/dfb8abb8-99bc-11ec-b6b7-1e00bb0e4e21
G1,client_data/G1_dfb82f9e-99bc-11ec-b6b7-1e00bb0e4e21/dfb8ae92-99bc-11ec-b6b7-1e00bb0e4e21,client_data/G1_dfb82f9e-99bc-11ec-b6b7-1e00bb0e4e21/dfb8ae92-99bc-11ec-b6b7-1e00bb0e4e21
G1,client_data/G1_dfb82f9e-99bc-11ec-b6b7-1e00bb0e4e21/dfb8b14e-99bc-11ec-b6b7-1e00bb0e4e21,client_data/G1_dfb82f9e-99bc-11ec-b6b7-1e00bb0e4e21/dfb8b14e-99bc-11ec-b6b7-1e00bb0e4e21
G1,client_data/G1_dfb82f9e-99bc-11ec-b6b7-1e00bb0e4e21/dfb8b432-99bc-11ec-b6b7-1e00bb0e4e21,client_data/G1_dfb82f9e-99bc-11ec-b6b7-1e00bb0e4e21/dfb8b432-99bc-11ec-b6b7-1e00bb0e4e21
G1,client_data/G1_dfb82f9e-99bc-11ec-b6b7-1e00bb0e4e21/dfb8b6ee-99bc-11ec-b6b7-1e00bb0e4e21,client_data/G1_dfb82f9e-99bc-11ec-b6b7-1e00bb0e4e21/dfb8b6ee-99bc-11ec-b6b7-1e00bb0e4e21
G1,client_data/G1_dfb82f9e-99bc-11ec-b6b7-1e00bb0e4e21/dfb8b978-99bc-11ec-b6b7-1e00bb0e4e21,client_data/G1_dfb82f9e-99bc-11ec-b6b7-1e00bb0e4e21/dfb8b978-99bc-11ec-b6b7-1e00bb0e4e21
G1,client_data/G1_dfb82f9e-99bc-11ec-b6b7-1e00bb0e4e21/dfb8bc34-99bc-11ec-b6b7-1e00bb0e4e21,client_data/G1_dfb82f9e-99bc-11ec-b6b7-1e00bb0e4e21/dfb8bc34-99bc-11ec-b6b7-1e00bb0e4e21
G1,client_data/G1_dfb82f9e-99bc-11ec-b6b7-1e00bb0e4e21/dfb8befa-99bc-11ec-b6b7-1e00bb0e4e21,client_data/G1_dfb82f9e-99bc-11ec-b6b7-1e00bb0e4e21/dfb8befa-99bc-11ec-b6b7-1e00bb0e4e21
G1,client_data/G1_dfb82f9e-99bc-11ec-b6b7-1e00bb0e4e21/dfb8c198-99bc-11ec-b6b7-1e00bb0e4e21,client_data/G1_dfb82f9e-99bc-11ec-b6b7-1e00bb0e4e21/dfb8c198-99bc-11ec-b6b7-1e00bb0e4e21
G1,client_data/G1_dfb82f9e-99bc-11ec-b6b7-1e00bb0e4e21/dfb8c95e-99bc-11ec-b6b7-1e00bb0e4e21,client_data/G1_dfb82f9e-99bc-11ec-b6b7-1e00bb0e4e21/dfb8c95e-99bc-11ec-b6b7-1e00bb0e4e21
G1,client_data/G1_dfb82f9e-99bc-11ec-b6b7-1e00bb0e4e21/dfb8cbac-99bc-11ec-b6b7-1e00bb0e4e21,client_data/G1_dfb82f9e-99bc-11ec-b6b7-1e00bb0e4e21/dfb8cbac-99bc-11ec-b6b7-1e00bb0e4e21
G1,client_data/G1_dfb82f9e-99bc-11ec-b6b7-1e00bb0e4e21/dfb8ce22-99bc-11ec-b6b7-1e00bb0e4e21,client_data/G1_dfb82f9e-99bc-11ec-b6b7-1e00bb0e4e21/dfb8ce22-99bc-11ec-b6b7-1e00bb0e4e21
G1,client_data/G1_dfb82f9e-99bc-11ec-b6b7-1e00bb0e4e21/dfb8d5b6-99bc-11ec-b6b7-1e00bb0e4e21,client_data/G1_dfb82f9e-99bc-11ec-b6b7-1e00bb0e4e21/dfb8d5b6-99bc-11ec-b6b7-1e00bb0e4e21
G1,client_data/G1_dfb82f9e-99bc-11ec-b6b7-1e00bb0e4e21/dfb8d84a-99bc-11ec-b6b7-1e00bb0e4e21,client_data/G1_dfb82f9e-99bc-11ec-b6b7-1e00bb0e4e21/dfb8d84a-99bc-11ec-b6b7-1e00bb0e4e21
G1,client_data/G1_dfb82f9e-99bc-11ec-b6b7-1e00bb0e4e21/dfb8db2e-99bc-11ec-b6b7-1e00bb0e4e21,client_data/G1_dfb82f9e-99bc-11ec-b6b7-1e00bb0e4e21/dfb8db2e-99bc-11ec-b6b7-1e00bb0e4e21
G1,client_data/G1_dfb82f9e-99bc-11ec-b6b7-1e00bb0e4e21/dfb8ddea-99bc-11ec-b6b7-1e00bb0e4e21,client_data/G1_dfb82f9e-99bc-11ec-b6b7-1e00bb0e4e21/dfb8ddea-99bc-11ec-b6b7-1e00bb0e4e21
G1,client_data/G1_dfb82f9e-99bc-11ec-b6b7-1e00bb0e4e21/dfb8e07e-99bc-11ec-b6b7-1e00bb0e4e21,client_data/G1_dfb82f9e-99bc-11ec-b6b7-1e00bb0e4e21/dfb8e07e-99bc-11ec-b6b7-1e00bb0e4e21
G1,client_data/G1_dfb82f9e-99bc-11ec-b6b7-1e00bb0e4e21/dfb8e380-99bc-11ec-b6b7-1e00bb0e4e21,client_data/G1_dfb82f9e-99bc-11ec-b6b7-1e00bb0e4e21/dfb8e380-99bc-11ec-b6b7-1e00bb0e4e21
G1,client_data/G1_dfb82f9e-99bc-11ec-b6b7-1e00bb0e4e21/dfb8e61e-99bc-11ec-b6b7-1e00bb0e4e21,client_data/G1_dfb82f9e-99bc-11ec-b6b7-1e00bb0e4e21/dfb8e61e-99bc-11ec-b6b7-1e00bb0e4e21
G1,client_data/G1_dfb82f9e-99bc-11ec-b6b7-1e00bb0e4e21/dfb8e8da-99bc-11ec-b6b7-1e00bb0e4e21,client_data/G1_dfb82f9e-99bc-11ec-b6b7-1e00bb0e4e21/dfb8e8da-99bc-11ec-b6b7-1e00bb0e4e21
G1,client_data/G1_dfb82f9e-99bc-11ec-b6b7-1e00bb0e4e21/dfb8eb96-99bc-11ec-b6b7-1e00bb0e4e21,client_data/G1_dfb82f9e-99bc-11ec-b6b7-1e00bb0e4e21/dfb8eb96-99bc-11ec-b6b7-1e00bb0e4e21
G1,client_data/G1_dfb82f9e-99bc-11ec-b6b7-1e00bb0e4e21/dfb8edf8-99bc-11ec-b6b7-1e00bb0e4e21,client_data/G1_dfb82f9e-99bc-11ec-b6b7-1e00bb0e4e21/dfb8edf8-99bc-11ec-b6b7-1e00bb0e4e21
G1,client_data/G1_dfb82f9e-99bc-11ec-b6b7-1e00bb0e4e21/dfb8f05a-99bc-11ec-b6b7-1e00bb0e4e21,client_data/G1_dfb82f9e-99bc-11ec-b6b7-1e00bb0e4e21/dfb8f05a-99bc-11ec-b6b7-1e00bb0e4e21
G1,client_data/G1_dfb82f9e-99bc-11ec-b6b7-1e00bb0e4e21/dfb8f2ee-99bc-11ec-b6b7-1e00bb0e4e21,client_data/G1_dfb82f9e-99bc-11ec-b6b7-1e00bb0e4e21/dfb8f2ee-99bc-11ec-b6b7-1e00bb0e4e21
G1,client_data/G1_dfb82f9e-99bc-11ec-b6b7-1e00bb0e4e21/dfb8f546-99bc-11ec-b6b7-1e00bb0e4e21,client_data/G1_dfb82f9e-99bc-11ec-b6b7-1e00bb0e4e21/dfb8f546-99bc-11ec-b6b7-1e00bb0e4e21
G1,client_data/G1_dfb82f9e-99bc-11ec-b6b7-1e00bb0e4e21/dfb8f78a-99bc-11ec-b6b7-1e00bb0e4e21,client_data/G1_dfb82f9e-99bc-11ec-b6b7-1e00bb0e4e21/dfb8f78a-99bc-11ec-b6b7-1e00bb0e4e21
G1,client_data/G1_dfb82f9e-99bc-11ec-b6b7-1e00bb0e4e21/dfb8fa6e-99bc-11ec-b6b7-1e00bb0e4e21,client_data/G1_dfb82f9e-99bc-11ec-b6b7-1e00bb0e4e21/dfb8fa6e-99bc-11ec-b6b7-1e00bb0e4e21
G1,client_data/G1_dfb82f9e-99bc-11ec-b6b7-1e00bb0e4e21/dfb8fd02-99bc-11ec-b6b7-1e00bb0e4e21,client_data/G1_dfb82f9e-99bc-11ec-b6b7-1e00bb0e4e21/dfb8fd02-99bc-11ec-b6b7-1e00bb0e4e21
G1,client_data/G1_dfb82f9e-99bc-11ec-b6b7-1e00bb0e4e21/dfb8ffb4-99bc-11ec-b6b7-1e00bb0e4e21,client_data/G1_dfb82f9e-99bc-11ec-b6b7-1e00bb0e4e21/dfb8ffb4-99bc-11ec-b6b7-1e00bb0e4e21
G1,client_data/G1_dfb82f9e-99bc-11ec-b6b7-1e00bb0e4e21/dfb902f2-99bc-11ec-b6b7-1e00bb0e4e21,client_data/G1_dfb82f9e-99bc-11ec-b6b7-1e00bb0e4e21/dfb902f2-99bc-11ec-b6b7-1e00bb0e4e21
G1,client_data/G1_dfb82f9e-99bc-11ec-b6b7-1e00bb0e4e21/dfb90540-99bc-11ec-b6b7-1e00bb0e4e21,client_data/G1_dfb82f9e-99bc-11ec-b6b7-1e00bb0e4e21/dfb90540-99bc-11ec-b6b7-1e00bb0e4e21
G1,client_data/G1_dfb82f9e-99bc-11ec-b6b7-1e00bb0e4e21/dfb90ca2-99bc-11ec-b6b7-1e00bb0e4e21,client_data/G1_dfb82f9e-99bc-11ec-b6b7-1e00bb0e4e21/dfb90ca2-99bc-11ec-b6b7-1e00bb0e4e21
G1,client_data/G1_dfb82f9e-99bc-11ec-b6b7-1e00bb0e4e21/dfb90f36-99bc-11ec-b6b7-1e00bb0e4e21,client_data/G1_dfb82f9e-99bc-11ec-b6b7-1e00bb0e4e21/dfb90f36-99bc-11ec-b6b7-1e00bb0e4e21
G1,client_data/G1_dfb82f9e-99bc-11ec-b6b7-1e00bb0e4e21/dfb911d4-99bc-11ec-b6b7-1e00bb0e4e21,client_data/G1_dfb82f9e-99bc-11ec-b6b7-1e00bb0e4e21/dfb911d4-99bc-11ec-b6b7-1e00bb0e4e21
G1,client_data/G1_dfb82f9e-99bc-11ec-b6b7-1e00bb0e4e21/dfb914d6-99bc-11ec-b6b7-1e00bb0e4e21,client_data/G1_dfb82f9e-99bc-11ec-b6b7-1e00bb0e4e21/dfb914d6-99bc-11ec-b6b7-1e00bb0e4e21
G1,client_data/G1_dfb82f9e-99bc-11ec-b6b7-1e00bb0e4e21/dfb9174c-99bc-11ec-b6b7-1e00bb0e4e21,client_data/G1_dfb82f9e-99bc-11ec-b6b7-1e00bb0e4e21/dfb9174c-99bc-11ec-b6b7-1e00bb0e4e21
G1,client_data/G1_dfb82f9e-99bc-11ec-b6b7-1e00bb0e4e21/dfb91a30-99bc-11ec-b6b7-1e00bb0e4e21,client_data/G1_dfb82f9e-99bc-11ec-b6b7-1e00bb0e4e21/dfb91a30-99bc-11ec-b6b7-1e00bb0e4e21
G1,client_data/G1_dfb82f9e-99bc-11ec-b6b7-1e00bb0e4e21/dfb91cc4-99bc-11ec-b6b7-1e00bb0e4e21,client_data/G1_dfb82f9e-99bc-11ec-b6b7-1e00bb0e4e21/dfb91cc4-99bc-11ec-b6b7-1e00bb0e4e21
G1,client_data/G1_dfb82f9e-99bc-11ec-b6b7-1e00bb0e4e21/dfb91fd0-99bc-11ec-b6b7-1e00bb0e4e21,client_data/G1_dfb82f9e-99bc-11ec-b6b7-1e00bb0e4e21/dfb91fd0-99bc-11ec-b6b7-1e00bb0e4e21
G1,client_data/G1_dfb82f9e-99bc-11ec-b6b7-1e00bb0e4e21/dfb922be-99bc-11ec-b6b7-1e00bb0e4e21,client_data/G1_dfb82f9e-99bc-11ec-b6b7-1e00bb0e4e21/dfb922be-99bc-11ec-b6b7-1e00bb0e4e21
G1,client_data/G1_dfb82f9e-99bc-11ec-b6b7-1e00bb0e4e21/dfb92584-99bc-11ec-b6b7-1e00bb0e4e21,client_data/G1_dfb82f9e-99bc-11ec-b6b7-1e00bb0e4e21/dfb92584-99bc-11ec-b6b7-1e00bb0e4e21
G1,client_data/G1_dfb82f9e-99bc-11ec-b6b7-1e00bb0e4e21/dfb92854-99bc-11ec-b6b7-1e00bb0e4e21,client_data/G1_dfb82f9e-99bc-11ec-b6b7-1e00bb0e4e21/dfb92854-99bc-11ec-b6b7-1e00bb0e4e21
G1,client_data/G1_dfb82f9e-99bc-11ec-b6b7-1e00bb0e4e21/dfb92cf0-99bc-11ec-b6b7-1e00bb0e4e21,client_data/G1_dfb82f9e-99bc-11ec-b6b7-1e00bb0e4e21/dfb92cf0-99bc-11ec-b6b7-1e00bb0e4e21
G1,client_data/G1_dfb82f9e-99bc-11ec-b6b7-1e00bb0e4e21/dfb92ff2-99bc-11ec-b6b7-1e00bb0e4e21,client_data/G1_dfb82f9e-99bc-11ec-b6b7-1e00bb0e4e21/dfb92ff2-99bc-11ec-b6b7-1e00bb0e4e21
G1,client_data/G1_dfb82f9e-99bc-11ec-b6b7-1e00bb0e4e21/dfb93344-99bc-11ec-b6b7-1e00bb0e4e21,client_data/G1_dfb82f9e-99bc-11ec-b6b7-1e00bb0e4e21/dfb93344-99bc-11ec-b6b7-1e00bb0e4e21
G1,client_data/G1_dfb82f9e-99bc-11ec-b6b7-1e00bb0e4e21/dfb935c4-99bc-11ec-b6b7-1e00bb0e4e21,client_data/G1_dfb82f9e-99bc-11ec-b6b7-1e00bb0e4e21/dfb935c4-99bc-11ec-b6b7-1e00bb0e4e21
G1,client_data/G1_dfb82f9e-99bc-11ec-b6b7-1e00bb0e4e21/dfb93876-99bc-11ec-b6b7-1e00bb0e4e21,client_data/G1_dfb82f9e-99bc-11ec-b6b7-1e00bb0e4e21/dfb93876-99bc-11ec-b6b7-1e00bb0e4e21
G1,client_data/G1_dfb82f9e-99bc-11ec-b6b7-1e00bb0e4e21/dfb93b1e-99bc-11ec-b6b7-1e00bb0e4e21,client_data/G1_dfb82f9e-99bc-11ec-b6b7-1e00bb0e4e21/dfb93b1e-99bc-11ec-b6b7-1e00bb0e4e21
G1,client_data/G1_dfb82f9e-99bc-11ec-b6b7-1e00bb0e4e21/dfb93da8-99bc-11ec-b6b7-1e00bb0e4e21,client_data/G1_dfb82f9e-99bc-11ec-b6b7-1e00bb0e4e21/dfb93da8-99bc-11ec-b6b7-1e00bb0e4e21
G1,client_data/G1_dfb82f9e-99bc-11ec-b6b7-1e00bb0e4e21/dfb940c8-99bc-11ec-b6b7-1e00bb0e4e21,client_data/G1_dfb82f9e-99bc-11ec-b6b7-1e00bb0e4e21/dfb940c8-99bc-11ec-b6b7-1e00bb0e4e21
G1,client_data/G1_dfb82f9e-99bc-11ec-b6b7-1e00bb0e4e21/dfb94366-99bc-11ec-b6b7-1e00bb0e4e21,client_data/G1_dfb82f9e-99bc-11ec-b6b7-1e00bb0e4e21/dfb94366-99bc-11ec-b6b7-1e00bb0e4e21
G1,client_data/G1_dfb82f9e-99bc-11ec-b6b7-1e00bb0e4e21/dfb94604-99bc-11ec-b6b7-1e00bb0e4e21,client_data/G1_dfb82f9e-99bc-11ec-b6b7-1e00bb0e4e21/dfb94604-99bc-11ec-b6b7-1e00bb0e4e21
G1,client_data/G1_dfb82f9e-99bc-11ec-b6b7-1e00bb0e4e21/dfb948a2-99bc-11ec-b6b7-1e00bb0e4e21,client_data/G1_dfb82f9e-99bc-11ec-b6b7-1e00bb0e4e21/dfb948a2-99bc-11ec-b6b7-1e00bb0e4e21
G1,client_data/G1_dfb82f9e-99bc-11ec-b6b7-1e00bb0e4e21/dfb94b7c-99bc-11ec-b6b7-1e00bb0e4e21,client_data/G1_dfb82f9e-99bc-11ec-b6b7-1e00bb0e4e21/dfb94b7c-99bc-11ec-b6b7-1e00bb0e4e21
G1,client_data/G1_dfb82f9e-99bc-11ec-b6b7-1e00bb0e4e21/dfb94dfc-99bc-11ec-b6b7-1e00bb0e4e21,client_data/G1_dfb82f9e-99bc-11ec-b6b7-1e00bb0e4e21/dfb94dfc-99bc-11ec-b6b7-1e00bb0e4e21
G1,client_data/G1_dfb82f9e-99bc-11ec-b6b7-1e00bb0e4e21/dfb950d6-99bc-11ec-b6b7-1e00bb0e4e21,client_data/G1_dfb82f9e-99bc-11ec-b6b7-1e00bb0e4e21/dfb950d6-99bc-11ec-b6b7-1e00bb0e4e21
G2,client_data/G2_dfb9539c-99bc-11ec-b6b7-1e00bb0e4e21/dfb955c2-99bc-11ec-b6b7-1e00bb0e4e21,client_data/G2_dfb9539c-99bc-11ec-b6b7-1e00bb0e4e21/dfb955c2-99bc-11ec-b6b7-1e00bb0e4e21
G2,client_data/G2_dfb9539c-99bc-11ec-b6b7-1e00bb0e4e21/dfb980e2-99bc-11ec-b6b7-1e00bb0e4e21,client_data/G2_dfb9539c-99bc-11ec-b6b7-1e00bb0e4e21/dfb980e2-99bc-11ec-b6b7-1e00bb0e4e21
G2,client_data/G2_dfb9539c-99bc-11ec-b6b7-1e00bb0e4e21/dfb9acb6-99bc-11ec-b6b7-1e00bb0e4e21,client_data/G2_dfb9539c-99bc-11ec-b6b7-1e00bb0e4e21/dfb9acb6-99bc-11ec-b6b7-1e00bb0e4e21
G2,client_data/G2_dfb9539c-99bc-11ec-b6b7-1e00bb0e4e21/dfba0a4e-99bc-11ec-b6b7-1e00bb0e4e21,client_data/G2_dfb9539c-99bc-11ec-b6b7-1e00bb0e4e21/dfba0a4e-99bc-11ec-b6b7-1e00bb0e4e21
G2,client_data/G2_dfb9539c-99bc-11ec-b6b7-1e00bb0e4e21/dfba2e3e-99bc-11ec-b6b7-1e00bb0e4e21,client_data/G2_dfb9539c-99bc-11ec-b6b7-1e00bb0e4e21/dfba2e3e-99bc-11ec-b6b7-1e00bb0e4e21
G2,client_data/G2_dfb9539c-99bc-11ec-b6b7-1e00bb0e4e21/dfba4856-99bc-11ec-b6b7-1e00bb0e4e21,client_data/G2_dfb9539c-99bc-11ec-b6b7-1e00bb0e4e21/dfba4856-99bc-11ec-b6b7-1e00bb0e4e21
G2,client_data/G2_dfb9539c-99bc-11ec-b6b7-1e00bb0e4e21/dfba751a-99bc-11ec-b6b7-1e00bb0e4e21,client_data/G2_dfb9539c-99bc-11ec-b6b7-1e00bb0e4e21/dfba751a-99bc-11ec-b6b7-1e00bb0e4e21
G2,client_data/G2_dfb9539c-99bc-11ec-b6b7-1e00bb0e4e21/dfbaaf12-99bc-11ec-b6b7-1e00bb0e4e21,client_data/G2_dfb9539c-99bc-11ec-b6b7-1e00bb0e4e21/dfbaaf12-99bc-11ec-b6b7-1e00bb0e4e21
G2,client_data/G2_dfb9539c-99bc-11ec-b6b7-1e00bb0e4e21/dfbab674-99bc-11ec-b6b7-1e00bb0e4e21,client_data/G2_dfb9539c-99bc-11ec-b6b7-1e00bb0e4e21/dfbab674-99bc-11ec-b6b7-1e00bb0e4e21
G2,client_data/G2_dfb9539c-99bc-11ec-b6b7-1e00bb0e4e21/dfbaf4b8-99bc-11ec-b6b7-1e00bb0e4e21,client_data/G2_dfb9539c-99bc-11ec-b6b7-1e00bb0e4e21/dfbaf4b8-99bc-11ec-b6b7-1e00bb0e4e21
G2,client_data/G2_dfb9539c-99bc-11ec-b6b7-1e00bb0e4e21/dfbb33ce-99bc-11ec-b6b7-1e00bb0e4e21,client_data/G2_dfb9539c-99bc-11ec-b6b7-1e00bb0e4e21/dfbb33ce-99bc-11ec-b6b7-1e00bb0e4e21
G2,client_data/G2_dfb9539c-99bc-11ec-b6b7-1e00bb0e4e21/dfbb5fa2-99bc-11ec-b6b7-1e00bb0e4e21,client_data/G2_dfb9539c-99bc-11ec-b6b7-1e00bb0e4e21/dfbb5fa2-99bc-11ec-b6b7-1e00bb0e4e21
G2,client_data/G2_dfb9539c-99bc-11ec-b6b7-1e00bb0e4e21/dfbbcf64-99bc-11ec-b6b7-1e00bb0e4e21,client_data/G2_dfb9539c-99bc-11ec-b6b7-1e00bb0e4e21/dfbbcf64-99bc-11ec-b6b7-1e00bb0e4e21
G2,client_data/G2_dfb9539c-99bc-11ec-b6b7-1e00bb0e4e21/dfbc0bf0-99bc-11ec-b6b7-1e00bb0e4e21,client_data/G2_dfb9539c-99bc-11ec-b6b7-1e00bb0e4e21/dfbc0bf0-99bc-11ec-b6b7-1e00bb0e4e21
G2,client_data/G2_dfb9539c-99bc-11ec-b6b7-1e00bb0e4e21/dfbc4fd4-99bc-11ec-b6b7-1e00bb0e4e21,client_data/G2_dfb9539c-99bc-11ec-b6b7-1e00bb0e4e21/dfbc4fd4-99bc-11ec-b6b7-1e00bb0e4e21
G2,client_data/G2_dfb9539c-99bc-11ec-b6b7-1e00bb0e4e21/dfbc6c4e-99bc-11ec-b6b7-1e00bb0e4e21,client_data/G2_dfb9539c-99bc-11ec-b6b7-1e00bb0e4e21/dfbc6c4e-99bc-11ec-b6b7-1e00bb0e4e21
G2,client_data/G2_dfb9539c-99bc-11ec-b6b7-1e00bb0e4e21/dfbca61e-99bc-11ec-b6b7-1e00bb0e4e21,client_data/G2_dfb9539c-99bc-11ec-b6b7-1e00bb0e4e21/dfbca61e-99bc-11ec-b6b7-1e00bb0e4e21
G2,client_data/G2_dfb9539c-99bc-11ec-b6b7-1e00bb0e4e21/dfbcdf6c-99bc-11ec-b6b7-1e00bb0e4e21,client_data/G2_dfb9539c-99bc-11ec-b6b7-1e00bb0e4e21/dfbcdf6c-99bc-11ec-b6b7-1e00bb0e4e21
G2,client_data/G2_dfb9539c-99bc-11ec-b6b7-1e00bb0e4e21/dfbd5f46-99bc-11ec-b6b7-1e00bb0e4e21,client_data/G2_dfb9539c-99bc-11ec-b6b7-1e00bb0e4e21/dfbd5f46-99bc-11ec-b6b7-1e00bb0e4e21
G2,client_data/G2_dfb9539c-99bc-11ec-b6b7-1e00bb0e4e21/dfbd9222-99bc-11ec-b6b7-1e00bb0e4e21,client_data/G2_dfb9539c-99bc-11ec-b6b7-1e00bb0e4e21/dfbd9222-99bc-11ec-b6b7-1e00bb0e4e21
G2,client_data/G2_dfb9539c-99bc-11ec-b6b7-1e00bb0e4e21/dfbda7b2-99bc-11ec-b6b7-1e00bb0e4e21,client_data/G2_dfb9539c-99bc-11ec-b6b7-1e00bb0e4e21/dfbda7b2-99bc-11ec-b6b7-1e00bb0e4e21
G2,client_data/G2_dfb9539c-99bc-11ec-b6b7-1e00bb0e4e21/dfbdf9b0-99bc-11ec-b6b7-1e00bb0e4e21,client_data/G2_dfb9539c-99bc-11ec-b6b7-1e00bb0e4e21/dfbdf9b0-99bc-11ec-b6b7-1e00bb0e4e21
G2,client_data/G2_dfb9539c-99bc-11ec-b6b7-1e00bb0e4e21/dfbe0392-99bc-11ec-b6b7-1e00bb0e4e21,client_data/G2_dfb9539c-99bc-11ec-b6b7-1e00bb0e4e21/dfbe0392-99bc-11ec-b6b7-1e00bb0e4e21
G2,client_data/G2_dfb9539c-99bc-11ec-b6b7-1e00bb0e4e21/dfbe8330-99bc-11ec-b6b7-1e00bb0e4e21,client_data/G2_dfb9539c-99bc-11ec-b6b7-1e00bb0e4e21/dfbe8330-99bc-11ec-b6b7-1e00bb0e4e21
G2,client_data/G2_dfb9539c-99bc-11ec-b6b7-1e00bb0e4e21/dfbeb54e-99bc-11ec-b6b7-1e00bb0e4e21,client_data/G2_dfb9539c-99bc-11ec-b6b7-1e00bb0e4e21/dfbeb54e-99bc-11ec-b6b7-1e00bb0e4e21
G2,client_data/G2_dfb9539c-99bc-11ec-b6b7-1e00bb0e4e21/dfbecfb6-99bc-11ec-b6b7-1e00bb0e4e21,client_data/G2_dfb9539c-99bc-11ec-b6b7-1e00bb0e4e21/dfbecfb6-99bc-11ec-b6b7-1e00bb0e4e21
G2,client_data/G2_dfb9539c-99bc-11ec-b6b7-1e00bb0e4e21/dfbf2c54-99bc-11ec-b6b7-1e00bb0e4e21,client_data/G2_dfb9539c-99bc-11ec-b6b7-1e00bb0e4e21/dfbf2c54-99bc-11ec-b6b7-1e00bb0e4e21
G2,client_data/G2_dfb9539c-99bc-11ec-b6b7-1e00bb0e4e21/dfbf7c54-99bc-11ec-b6b7-1e00bb0e4e21,client_data/G2_dfb9539c-99bc-11ec-b6b7-1e00bb0e4e21/dfbf7c54-99bc-11ec-b6b7-1e00bb0e4e21
G2,client_data/G2_dfb9539c-99bc-11ec-b6b7-1e00bb0e4e21/dfbfb822-99bc-11ec-b6b7-1e00bb0e4e21,client_data/G2_dfb9539c-99bc-11ec-b6b7-1e00bb0e4e21/dfbfb822-99bc-11ec-b6b7-1e00bb0e4e21
G2,client_data/G2_dfb9539c-99bc-11ec-b6b7-1e00bb0e4e21/dfbff5ee-99bc-11ec-b6b7-1e00bb0e4e21,client_data/G2_dfb9539c-99bc-11ec-b6b7-1e00bb0e4e21/dfbff5ee-99bc-11ec-b6b7-1e00bb0e4e21
G2,client_data/G2_dfb9539c-99bc-11ec-b6b7-1e00bb0e4e21/dfc00278-99bc-11ec-b6b7-1e00bb0e4e21,client_data/G2_dfb9539c-99bc-11ec-b6b7-1e00bb0e4e21/dfc00278-99bc-11ec-b6b7-1e00bb0e4e21
G2,client_data/G2_dfb9539c-99bc-11ec-b6b7-1e00bb0e4e21/dfc06560-99bc-11ec-b6b7-1e00bb0e4e21,client_data/G2_dfb9539c-99bc-11ec-b6b7-1e00bb0e4e21/dfc06560-99bc-11ec-b6b7-1e00bb0e4e21
G2,client_data/G2_dfb9539c-99bc-11ec-b6b7-1e00bb0e4e21/dfc0832e-99bc-11ec-b6b7-1e00bb0e4e21,client_data/G2_dfb9539c-99bc-11ec-b6b7-1e00bb0e4e21/dfc0832e-99bc-11ec-b6b7-1e00bb0e4e21
G2,client_data/G2_dfb9539c-99bc-11ec-b6b7-1e00bb0e4e21/dfc0e0e4-99bc-11ec-b6b7-1e00bb0e4e21,client_data/G2_dfb9539c-99bc-11ec-b6b7-1e00bb0e4e21/dfc0e0e4-99bc-11ec-b6b7-1e00bb0e4e21
G2,client_data/G2_dfb9539c-99bc-11ec-b6b7-1e00bb0e4e21/dfc138be-99bc-11ec-b6b7-1e00bb0e4e21,client_data/G2_dfb9539c-99bc-11ec-b6b7-1e00bb0e4e21/dfc138be-99bc-11ec-b6b7-1e00bb0e4e21
G2,client_data/G2_dfb9539c-99bc-11ec-b6b7-1e00bb0e4e21/dfc142f0-99bc-11ec-b6b7-1e00bb0e4e21,client_data/G2_dfb9539c-99bc-11ec-b6b7-1e00bb0e4e21/dfc142f0-99bc-11ec-b6b7-1e00bb0e4e21
G2,client_data/G2_dfb9539c-99bc-11ec-b6b7-1e00bb0e4e21/dfc1a3c6-99bc-11ec-b6b7-1e00bb0e4e21,client_data/G2_dfb9539c-99bc-11ec-b6b7-1e00bb0e4e21/dfc1a3c6-99bc-11ec-b6b7-1e00bb0e4e21
G2,client_data/G2_dfb9539c-99bc-11ec-b6b7-1e00bb0e4e21/dfc1fe52-99bc-11ec-b6b7-1e00bb0e4e21,client_data/G2_dfb9539c-99bc-11ec-b6b7-1e00bb0e4e21/dfc1fe52-99bc-11ec-b6b7-1e00bb0e4e21
G2,client_data/G2_dfb9539c-99bc-11ec-b6b7-1e00bb0e4e21/dfc20636-99bc-11ec-b6b7-1e00bb0e4e21,client_data/G2_dfb9539c-99bc-11ec-b6b7-1e00bb0e4e21/dfc20636-99bc-11ec-b6b7-1e00bb0e4e21
G2,client_data/G2_dfb9539c-99bc-11ec-b6b7-1e00bb0e4e21/dfc2375a-99bc-11ec-b6b7-1e00bb0e4e21,client_data/G2_dfb9539c-99bc-11ec-b6b7-1e00bb0e4e21/dfc2375a-99bc-11ec-b6b7-1e00bb0e4e21
G2,client_data/G2_dfb9539c-99bc-11ec-b6b7-1e00bb0e4e21/dfc26388-99bc-11ec-b6b7-1e00bb0e4e21,client_data/G2_dfb9539c-99bc-11ec-b6b7-1e00bb0e4e21/dfc26388-99bc-11ec-b6b7-1e00bb0e4e21
G2,client_data/G2_dfb9539c-99bc-11ec-b6b7-1e00bb0e4e21/dfc282a0-99bc-11ec-b6b7-1e00bb0e4e21,client_data/G2_dfb9539c-99bc-11ec-b6b7-1e00bb0e4e21/dfc282a0-99bc-11ec-b6b7-1e00bb0e4e21
G2,client_data/G2_dfb9539c-99bc-11ec-b6b7-1e00bb0e4e21/dfc2c760-99bc-11ec-b6b7-1e00bb0e4e21,client_data/G2_dfb9539c-99bc-11ec-b6b7-1e00bb0e4e21/dfc2c760-99bc-11ec-b6b7-1e00bb0e4e21
G2,client_data/G2_dfb9539c-99bc-11ec-b6b7-1e00bb0e4e21/dfc2fd7a-99bc-11ec-b6b7-1e00bb0e4e21,client_data/G2_dfb9539c-99bc-11ec-b6b7-1e00bb0e4e21/dfc2fd7a-99bc-11ec-b6b7-1e00bb0e4e21
G2,client_data/G2_dfb9539c-99bc-11ec-b6b7-1e00bb0e4e21/dfc317ec-99bc-11ec-b6b7-1e00bb0e4e21,client_data/G2_dfb9539c-99bc-11ec-b6b7-1e00bb0e4e21/dfc317ec-99bc-11ec-b6b7-1e00bb0e4e21
G2,client_data/G2_dfb9539c-99bc-11ec-b6b7-1e00bb0e4e21/dfc3324a-99bc-11ec-b6b7-1e00bb0e4e21,client_data/G2_dfb9539c-99bc-11ec-b6b7-1e00bb0e4e21/dfc3324a-99bc-11ec-b6b7-1e00bb0e4e21
G2,client_data/G2_dfb9539c-99bc-11ec-b6b7-1e00bb0e4e21/dfc35dce-99bc-11ec-b6b7-1e00bb0e4e21,client_data/G2_dfb9539c-99bc-11ec-b6b7-1e00bb0e4e21/dfc35dce-99bc-11ec-b6b7-1e00bb0e4e21
G2,client_data/G2_dfb9539c-99bc-11ec-b6b7-1e00bb0e4e21/dfc36de6-99bc-11ec-b6b7-1e00bb0e4e21,client_data/G2_dfb9539c-99bc-11ec-b6b7-1e00bb0e4e21/dfc36de6-99bc-11ec-b6b7-1e00bb0e4e21
G2,client_data/G2_dfb9539c-99bc-11ec-b6b7-1e00bb0e4e21/dfc3b4e0-99bc-11ec-b6b7-1e00bb0e4e21,client_data/G2_dfb9539c-99bc-11ec-b6b7-1e00bb0e4e21/dfc3b4e0-99bc-11ec-b6b7-1e00bb0e4e21
G2,client_data/G2_dfb9539c-99bc-11ec-b6b7-1e00bb0e4e21/dfc3ffd6-99bc-11ec-b6b7-1e00bb0e4e21,client_data/G2_dfb9539c-99bc-11ec-b6b7-1e00bb0e4e21/dfc3ffd6-99bc-11ec-b6b7-1e00bb0e4e21
G2,client_data/G2_dfb9539c-99bc-11ec-b6b7-1e00bb0e4e21/dfc43c80-99bc-11ec-b6b7-1e00bb0e4e21,client_data/G2_dfb9539c-99bc-11ec-b6b7-1e00bb0e4e21/dfc43c80-99bc-11ec-b6b7-1e00bb0e4e21
G2,client_data/G2_dfb9539c-99bc-11ec-b6b7-1e00bb0e4e21/dfc441a8-99bc-11ec-b6b7-1e00bb0e4e21,client_data/G2_dfb9539c-99bc-11ec-b6b7-1e00bb0e4e21/dfc441a8-99bc-11ec-b6b7-1e00bb0e4e21
G2,client_data/G2_dfb9539c-99bc-11ec-b6b7-1e00bb0e4e21/dfc4897e-99bc-11ec-b6b7-1e00bb0e4e21,client_data/G2_dfb9539c-99bc-11ec-b6b7-1e00bb0e4e21/dfc4897e-99bc-11ec-b6b7-1e00bb0e4e21
G2,client_data/G2_dfb9539c-99bc-11ec-b6b7-1e00bb0e4e21/dfc4c196-99bc-11ec-b6b7-1e00bb0e4e21,client_data/G2_dfb9539c-99bc-11ec-b6b7-1e00bb0e4e21/dfc4c196-99bc-11ec-b6b7-1e00bb0e4e21
G2,client_data/G2_dfb9539c-99bc-11ec-b6b7-1e00bb0e4e21/dfc4e6d0-99bc-11ec-b6b7-1e00bb0e4e21,client_data/G2_dfb9539c-99bc-11ec-b6b7-1e00bb0e4e21/dfc4e6d0-99bc-11ec-b6b7-1e00bb0e4e21
G2,client_data/G2_dfb9539c-99bc-11ec-b6b7-1e00bb0e4e21/dfc53b58-99bc-11ec-b6b7-1e00bb0e4e21,client_data/G2_dfb9539c-99bc-11ec-b6b7-1e00bb0e4e21/dfc53b58-99bc-11ec-b6b7-1e00bb0e4e21
G2,client_data/G2_dfb9539c-99bc-11ec-b6b7-1e00bb0e4e21/dfc56d6c-99bc-11ec-b6b7-1e00bb0e4e21,client_data/G2_dfb9539c-99bc-11ec-b6b7-1e00bb0e4e21/dfc56d6c-99bc-11ec-b6b7-1e00bb0e4e21
G2,client_data/G2_dfb9539c-99bc-11ec-b6b7-1e00bb0e4e21/dfc5b9c0-99bc-11ec-b6b7-1e00bb0e4e21,client_data/G2_dfb9539c-99bc-11ec-b6b7-1e00bb0e4e21/dfc5b9c0-99bc-11ec-b6b7-1e00bb0e4e21
G2,client_data/G2_dfb9539c-99bc-11ec-b6b7-1e00bb0e4e21/dfc5eee0-99bc-11ec-b6b7-1e00bb0e4e21,client_data/G2_dfb9539c-99bc-11ec-b6b7-1e00bb0e4e21/dfc5eee0-99bc-11ec-b6b7-1e00bb0e4e21
G2,client_data/G2_dfb9539c-99bc-11ec-b6b7-1e00bb0e4e21/dfc60600-99bc-11ec-b6b7-1e00bb0e4e21,client_data/G2_dfb9539c-99bc-11ec-b6b7-1e00bb0e4e21/dfc60600-99bc-11ec-b6b7-1e00bb0e4e21
G2,client_data/G2_dfb9539c-99bc-11ec-b6b7-1e00bb0e4e21/dfc65b64-99bc-11ec-b6b7-1e00bb0e4e21,client_data/G2_dfb9539c-99bc-11ec-b6b7-1e00bb0e4e21/dfc65b64-99bc-11ec-b6b7-1e00bb0e4e21
G2,client_data/G2_dfb9539c-99bc-11ec-b6b7-1e00bb0e4e21/dfc67086-99bc-11ec-b6b7-1e00bb0e4e21,client_data/G2_dfb9539c-99bc-11ec-b6b7-1e00bb0e4e21/dfc67086-99bc-11ec-b6b7-1e00bb0e4e21
G2,client_data/G2_dfb9539c-99bc-11ec-b6b7-1e00bb0e4e21/dfc67888-99bc-11ec-b6b7-1e00bb0e4e21,client_data/G2_dfb9539c-99bc-11ec-b6b7-1e00bb0e4e21/dfc67888-99bc-11ec-b6b7-1e00bb0e4e21
G2,client_data/G2_dfb9539c-99bc-11ec-b6b7-1e00bb0e4e21/dfc6b53c-99bc-11ec-b6b7-1e00bb0e4e21,client_data/G2_dfb9539c-99bc-11ec-b6b7-1e00bb0e4e21/dfc6b53c-99bc-11ec-b6b7-1e00bb0e4e21
G2,client_data/G2_dfb9539c-99bc-11ec-b6b7-1e00bb0e4e21/dfc6e2fa-99bc-11ec-b6b7-1e00bb0e4e21,client_data/G2_dfb9539c-99bc-11ec-b6b7-1e00bb0e4e21/dfc6e2fa-99bc-11ec-b6b7-1e00bb0e4e21
G2,client_data/G2_dfb9539c-99bc-11ec-b6b7-1e00bb0e4e21/dfc73c00-99bc-11ec-b6b7-1e00bb0e4e21,client_data/G2_dfb9539c-99bc-11ec-b6b7-1e00bb0e4e21/dfc73c00-99bc-11ec-b6b7-1e00bb0e4e21
G2,client_data/G2_dfb9539c-99bc-11ec-b6b7-1e00bb0e4e21/dfc75d98-99bc-11ec-b6b7-1e00bb0e4e21,client_data/G2_dfb9539c-99bc-11ec-b6b7-1e00bb0e4e21/dfc75d98-99bc-11ec-b6b7-1e00bb0e4e21
G2,client_data/G2_dfb9539c-99bc-11ec-b6b7-1e00bb0e4e21/dfc76e5a-99bc-11ec-b6b7-1e00bb0e4e21,client_data/G2_dfb9539c-99bc-11ec-b6b7-1e00bb0e4e21/dfc76e5a-99bc-11ec-b6b7-1e00bb0e4e21
G2,client_data/G2_dfb9539c-99bc-11ec-b6b7-1e00bb0e4e21/dfc7ba72-99bc-11ec-b6b7-1e00bb0e4e21,client_data/G2_dfb9539c-99bc-11ec-b6b7-1e00bb0e4e21/dfc7ba72-99bc-11ec-b6b7-1e00bb0e4e21
G2,client_data/G2_dfb9539c-99bc-11ec-b6b7-1e00bb0e4e21/dfc7d26e-99bc-11ec-b6b7-1e00bb0e4e21,client_data/G2_dfb9539c-99bc-11ec-b6b7-1e00bb0e4e21/dfc7d26e-99bc-11ec-b6b7-1e00bb0e4e21
G2,client_data/G2_dfb9539c-99bc-11ec-b6b7-1e00bb0e4e21/dfc7f988-99bc-11ec-b6b7-1e00bb0e4e21,client_data/G2_dfb9539c-99bc-11ec-b6b7-1e00bb0e4e21/dfc7f988-99bc-11ec-b6b7-1e00bb0e4e21
G2,client_data/G2_dfb9539c-99bc-11ec-b6b7-1e00bb0e4e21/dfc83d44-99bc-11ec-b6b7-1e00bb0e4e21,client_data/G2_dfb9539c-99bc-11ec-b6b7-1e00bb0e4e21/dfc83d44-99bc-11ec-b6b7-1e00bb0e4e21
G2,client_data/G2_dfb9539c-99bc-11ec-b6b7-1e00bb0e4e21/dfc85626-99bc-11ec-b6b7-1e00bb0e4e21,client_data/G2_dfb9539c-99bc-11ec-b6b7-1e00bb0e4e21/dfc85626-99bc-11ec-b6b7-1e00bb0e4e21
G2,client_data/G2_dfb9539c-99bc-11ec-b6b7-1e00bb0e4e21/dfc85ac2-99bc-11ec-b6b7-1e00bb0e4e21,client_data/G2_dfb9539c-99bc-11ec-b6b7-1e00bb0e4e21/dfc85ac2-99bc-11ec-b6b7-1e00bb0e4e21
G2,client_data/G2_dfb9539c-99bc-11ec-b6b7-1e00bb0e4e21/dfc86a6c-99bc-11ec-b6b7-1e00bb0e4e21,client_data/G2_dfb9539c-99bc-11ec-b6b7-1e00bb0e4e21/dfc86a6c-99bc-11ec-b6b7-1e00bb0e4e21
G2,client_data/G2_dfb9539c-99bc-11ec-b6b7-1e00bb0e4e21/dfc86e72-99bc-11ec-b6b7-1e00bb0e4e21,client_data/G2_dfb9539c-99bc-11ec-b6b7-1e00bb0e4e21/dfc86e72-99bc-11ec-b6b7-1e00bb0e4e21
G2,client_data/G2_dfb9539c-99bc-11ec-b6b7-1e00bb0e4e21/dfc89618-99bc-11ec-b6b7-1e00bb0e4e21,client_data/G2_dfb9539c-99bc-11ec-b6b7-1e00bb0e4e21/dfc89618-99bc-11ec-b6b7-1e00bb0e4e21
G2,client_data/G2_dfb9539c-99bc-11ec-b6b7-1e00bb0e4e21/dfc8dc04-99bc-11ec-b6b7-1e00bb0e4e21,client_data/G2_dfb9539c-99bc-11ec-b6b7-1e00bb0e4e21/dfc8dc04-99bc-11ec-b6b7-1e00bb0e4e21
G2,client_data/G2_dfb9539c-99bc-11ec-b6b7-1e00bb0e4e21/dfc8f5c2-99bc-11ec-b6b7-1e00bb0e4e21,client_data/G2_dfb9539c-99bc-11ec-b6b7-1e00bb0e4e21/dfc8f5c2-99bc-11ec-b6b7-1e00bb0e4e21
G2,client_data/G2_dfb9539c-99bc-11ec-b6b7-1e00bb0e4e21/dfc8fe82-99bc-11ec-b6b7-1e00bb0e4e21,client_data/G2_dfb9539c-99bc-11ec-b6b7-1e00bb0e4e21/dfc8fe82-99bc-11ec-b6b7-1e00bb0e4e21
G2,client_data/G2_dfb9539c-99bc-11ec-b6b7-1e00bb0e4e21/dfc92e48-99bc-11ec-b6b7-1e00bb0e4e21,client_data/G2_dfb9539c-99bc-11ec-b6b7-1e00bb0e4e21/dfc92e48-99bc-11ec-b6b7-1e00bb0e4e21
G2,client_data/G2_dfb9539c-99bc-11ec-b6b7-1e00bb0e4e21/dfc94252-99bc-11ec-b6b7-1e00bb0e4e21,client_data/G2_dfb9539c-99bc-11ec-b6b7-1e00bb0e4e21/dfc94252-99bc-11ec-b6b7-1e00bb0e4e21
G2,client_data/G2_dfb9539c-99bc-11ec-b6b7-1e00bb0e4e21/dfc96728-99bc-11ec-b6b7-1e00bb0e4e21,client_data/G2_dfb9539c-99bc-11ec-b6b7-1e00bb0e4e21/dfc96728-99bc-11ec-b6b7-1e00bb0e4e21
G2,client_data/G2_dfb9539c-99bc-11ec-b6b7-1e00bb0e4e21/dfc9f8b4-99bc-11ec-b6b7-1e00bb0e4e21,client_data/G2_dfb9539c-99bc-11ec-b6b7-1e00bb0e4e21/dfc9f8b4-99bc-11ec-b6b7-1e00bb0e4e21
G2,client_data/G2_dfb9539c-99bc-11ec-b6b7-1e00bb0e4e21/dfca0fca-99bc-11ec-b6b7-1e00bb0e4e21,client_data/G2_dfb9539c-99bc-11ec-b6b7-1e00bb0e4e21/dfca0fca-99bc-11ec-b6b7-1e00bb0e4e21
G2,client_data/G2_dfb9539c-99bc-11ec-b6b7-1e00bb0e4e21/dfca33e2-99bc-11ec-b6b7-1e00bb0e4e21,client_data/G2_dfb9539c-99bc-11ec-b6b7-1e00bb0e4e21/dfca33e2-99bc-11ec-b6b7-1e00bb0e4e21
G2,client_data/G2_dfb9539c-99bc-11ec-b6b7-1e00bb0e4e21/dfca38e2-99bc-11ec-b6b7-1e00bb0e4e21,client_data/G2_dfb9539c-99bc-11ec-b6b7-1e00bb0e4e21/dfca38e2-99bc-11ec-b6b7-1e00bb0e4e21
G2,client_data/G2_dfb9539c-99bc-11ec-b6b7-1e00bb0e4e21/dfca4274-99bc-11ec-b6b7-1e00bb0e4e21,client_data/G2_dfb9539c-99bc-11ec-b6b7-1e00bb0e4e21/dfca4274-99bc-11ec-b6b7-1e00bb0e4e21
G2,client_data/G2_dfb9539c-99bc-11ec-b6b7-1e00bb0e4e21/dfca517e-99bc-11ec-b6b7-1e00bb0e4e21,client_data/G2_dfb9539c-99bc-11ec-b6b7-1e00bb0e4e21/dfca517e-99bc-11ec-b6b7-1e00bb0e4e21
G2,client_data/G2_dfb9539c-99bc-11ec-b6b7-1e00bb0e4e21/dfca5dd6-99bc-11ec-b6b7-1e00bb0e4e21,client_data/G2_dfb9539c-99bc-11ec-b6b7-1e00bb0e4e21/dfca5dd6-99bc-11ec-b6b7-1e00bb0e4e21
G2,client_data/G2_dfb9539c-99bc-11ec-b6b7-1e00bb0e4e21/dfcab27c-99bc-11ec-b6b7-1e00bb0e4e21,client_data/G2_dfb9539c-99bc-11ec-b6b7-1e00bb0e4e21/dfcab27c-99bc-11ec-b6b7-1e00bb0e4e21
G2,client_data/G2_dfb9539c-99bc-11ec-b6b7-1e00bb0e4e21/dfcac140-99bc-11ec-b6b7-1e00bb0e4e21,client_data/G2_dfb9539c-99bc-11ec-b6b7-1e00bb0e4e21/dfcac140-99bc-11ec-b6b7-1e00bb0e4e21
G2,client_data/G2_dfb9539c-99bc-11ec-b6b7-1e00bb0e4e21/dfcb07d6-99bc-11ec-b6b7-1e00bb0e4e21,client_data/G2_dfb9539c-99bc-11ec-b6b7-1e00bb0e4e21/dfcb07d6-99bc-11ec-b6b7-1e00bb0e4e21
G2,client_data/G2_dfb9539c-99bc-11ec-b6b7-1e00bb0e4e21/dfcb448a-99bc-11ec-b6b7-1e00bb0e4e21,client_data/G2_dfb9539c-99bc-11ec-b6b7-1e00bb0e4e21/dfcb448a-99bc-11ec-b6b7-1e00bb0e4e21
G2,client_data/G2_dfb9539c-99bc-11ec-b6b7-1e00bb0e4e21/dfcb59e8-99bc-11ec-b6b7-1e00bb0e4e21,client_data/G2_dfb9539c-99bc-11ec-b6b7-1e00bb0e4e21/dfcb59e8-99bc-11ec-b6b7-1e00bb0e4e21
G2,client_data/G2_dfb9539c-99bc-11ec-b6b7-1e00bb0e4e21/dfcbb302-99bc-11ec-b6b7-1e00bb0e4e21,client_data/G2_dfb9539c-99bc-11ec-b6b7-1e00bb0e4e21/dfcbb302-99bc-11ec-b6b7-1e00bb0e4e21
G2,client_data/G2_dfb9539c-99bc-11ec-b6b7-1e00bb0e4e21/dfcc113a-99bc-11ec-b6b7-1e00bb0e4e21,client_data/G2_dfb9539c-99bc-11ec-b6b7-1e00bb0e4e21/dfcc113a-99bc-11ec-b6b7-1e00bb0e4e21
G2,client_data/G2_dfb9539c-99bc-11ec-b6b7-1e00bb0e4e21/dfcc1856-99bc-11ec-b6b7-1e00bb0e4e21,client_data/G2_dfb9539c-99bc-11ec-b6b7-1e00bb0e4e21/dfcc1856-99bc-11ec-b6b7-1e00bb0e4e21
G2,client_data/G2_dfb9539c-99bc-11ec-b6b7-1e00bb0e4e21/dfcc4088-99bc-11ec-b6b7-1e00bb0e4e21,client_data/G2_dfb9539c-99bc-11ec-b6b7-1e00bb0e4e21/dfcc4088-99bc-11ec-b6b7-1e00bb0e4e21
G2,client_data/G2_dfb9539c-99bc-11ec-b6b7-1e00bb0e4e21/dfcc78b4-99bc-11ec-b6b7-1e00bb0e4e21,client_data/G2_dfb9539c-99bc-11ec-b6b7-1e00bb0e4e21/dfcc78b4-99bc-11ec-b6b7-1e00bb0e4e21
G3,client_data/G3_dfccc5ee-99bc-11ec-b6b7-1e00bb0e4e21/dfccc8be-99bc-11ec-b6b7-1e00bb0e4e21,client_data/G3_dfccc5ee-99bc-11ec-b6b7-1e00bb0e4e21/dfccc8be-99bc-11ec-b6b7-1e00bb0e4e21
G3,client_data/G3_dfccc5ee-99bc-11ec-b6b7-1e00bb0e4e21/dfcd9bf4-99bc-11ec-b6b7-1e00bb0e4e21,client_data/G3_dfccc5ee-99bc-11ec-b6b7-1e00bb0e4e21/dfcd9bf4-99bc-11ec-b6b7-1e00bb0e4e21
G3,client_data/G3_dfccc5ee-99bc-11ec-b6b7-1e00bb0e4e21/dfd034e0-99bc-11ec-b6b7-1e00bb0e4e21,client_data/G3_dfccc5ee-99bc-11ec-b6b7-1e00bb0e4e21/dfd034e0-99bc-11ec-b6b7-1e00bb0e4e21
G3,client_data/G3_dfccc5ee-99bc-11ec-b6b7-1e00bb0e4e21/dfd4a872-99bc-11ec-b6b7-1e00bb0e4e21,client_data/G3_dfccc5ee-99bc-11ec-b6b7-1e00bb0e4e21/dfd4a872-99bc-11ec-b6b7-1e00bb0e4e21
G3,client_data/G3_dfccc5ee-99bc-11ec-b6b7-1e00bb0e4e21/dfd5c6c6-99bc-11ec-b6b7-1e00bb0e4e21,client_data/G3_dfccc5ee-99bc-11ec-b6b7-1e00bb0e4e21/dfd5c6c6-99bc-11ec-b6b7-1e00bb0e4e21
G3,client_data/G3_dfccc5ee-99bc-11ec-b6b7-1e00bb0e4e21/dfd7e136-99bc-11ec-b6b7-1e00bb0e4e21,client_data/G3_dfccc5ee-99bc-11ec-b6b7-1e00bb0e4e21/dfd7e136-99bc-11ec-b6b7-1e00bb0e4e21
G3,client_data/G3_dfccc5ee-99bc-11ec-b6b7-1e00bb0e4e21/dfdb0faa-99bc-11ec-b6b7-1e00bb0e4e21,client_data/G3_dfccc5ee-99bc-11ec-b6b7-1e00bb0e4e21/dfdb0faa-99bc-11ec-b6b7-1e00bb0e4e21
G3,client_data/G3_dfccc5ee-99bc-11ec-b6b7-1e00bb0e4e21/dfde1286-99bc-11ec-b6b7-1e00bb0e4e21,client_data/G3_dfccc5ee-99bc-11ec-b6b7-1e00bb0e4e21/dfde1286-99bc-11ec-b6b7-1e00bb0e4e21
G3,client_data/G3_dfccc5ee-99bc-11ec-b6b7-1e00bb0e4e21/dfe03be2-99bc-11ec-b6b7-1e00bb0e4e21,client_data/G3_dfccc5ee-99bc-11ec-b6b7-1e00bb0e4e21/dfe03be2-99bc-11ec-b6b7-1e00bb0e4e21
G3,client_data/G3_dfccc5ee-99bc-11ec-b6b7-1e00bb0e4e21/dfe378ca-99bc-11ec-b6b7-1e00bb0e4e21,client_data/G3_dfccc5ee-99bc-11ec-b6b7-1e00bb0e4e21/dfe378ca-99bc-11ec-b6b7-1e00bb0e4e21
G3,client_data/G3_dfccc5ee-99bc-11ec-b6b7-1e00bb0e4e21/dfe611e8-99bc-11ec-b6b7-1e00bb0e4e21,client_data/G3_dfccc5ee-99bc-11ec-b6b7-1e00bb0e4e21/dfe611e8-99bc-11ec-b6b7-1e00bb0e4e21
G3,client_data/G3_dfccc5ee-99bc-11ec-b6b7-1e00bb0e4e21/dfe8e878-99bc-11ec-b6b7-1e00bb0e4e21,client_data/G3_dfccc5ee-99bc-11ec-b6b7-1e00bb0e4e21/dfe8e878-99bc-11ec-b6b7-1e00bb0e4e21
G3,client_data/G3_dfccc5ee-99bc-11ec-b6b7-1e00bb0e4e21/dfebecc6-99bc-11ec-b6b7-1e00bb0e4e21,client_data/G3_dfccc5ee-99bc-11ec-b6b7-1e00bb0e4e21/dfebecc6-99bc-11ec-b6b7-1e00bb0e4e21
G3,client_data/G3_dfccc5ee-99bc-11ec-b6b7-1e00bb0e4e21/dfef27c4-99bc-11ec-b6b7-1e00bb0e4e21,client_data/G3_dfccc5ee-99bc-11ec-b6b7-1e00bb0e4e21/dfef27c4-99bc-11ec-b6b7-1e00bb0e4e21
G3,client_data/G3_dfccc5ee-99bc-11ec-b6b7-1e00bb0e4e21/dfef920e-99bc-11ec-b6b7-1e00bb0e4e21,client_data/G3_dfccc5ee-99bc-11ec-b6b7-1e00bb0e4e21/dfef920e-99bc-11ec-b6b7-1e00bb0e4e21
G3,client_data/G3_dfccc5ee-99bc-11ec-b6b7-1e00bb0e4e21/dff16ea8-99bc-11ec-b6b7-1e00bb0e4e21,client_data/G3_dfccc5ee-99bc-11ec-b6b7-1e00bb0e4e21/dff16ea8-99bc-11ec-b6b7-1e00bb0e4e21
G3,client_data/G3_dfccc5ee-99bc-11ec-b6b7-1e00bb0e4e21/dff4f032-99bc-11ec-b6b7-1e00bb0e4e21,client_data/G3_dfccc5ee-99bc-11ec-b6b7-1e00bb0e4e21/dff4f032-99bc-11ec-b6b7-1e00bb0e4e21
G3,client_data/G3_dfccc5ee-99bc-11ec-b6b7-1e00bb0e4e21/dff78f5e-99bc-11ec-b6b7-1e00bb0e4e21,client_data/G3_dfccc5ee-99bc-11ec-b6b7-1e00bb0e4e21/dff78f5e-99bc-11ec-b6b7-1e00bb0e4e21
G3,client_data/G3_dfccc5ee-99bc-11ec-b6b7-1e00bb0e4e21/dff80fb0-99bc-11ec-b6b7-1e00bb0e4e21,client_data/G3_dfccc5ee-99bc-11ec-b6b7-1e00bb0e4e21/dff80fb0-99bc-11ec-b6b7-1e00bb0e4e21
G3,client_data/G3_dfccc5ee-99bc-11ec-b6b7-1e00bb0e4e21/dffb8230-99bc-11ec-b6b7-1e00bb0e4e21,client_data/G3_dfccc5ee-99bc-11ec-b6b7-1e00bb0e4e21/dffb8230-99bc-11ec-b6b7-1e00bb0e4e21
G3,client_data/G3_dfccc5ee-99bc-11ec-b6b7-1e00bb0e4e21/dffd4eda-99bc-11ec-b6b7-1e00bb0e4e21,client_data/G3_dfccc5ee-99bc-11ec-b6b7-1e00bb0e4e21/dffd4eda-99bc-11ec-b6b7-1e00bb0e4e21
G3,client_data/G3_dfccc5ee-99bc-11ec-b6b7-1e00bb0e4e21/dffedca0-99bc-11ec-b6b7-1e00bb0e4e21,client_data/G3_dfccc5ee-99bc-11ec-b6b7-1e00bb0e4e21/dffedca0-99bc-11ec-b6b7-1e00bb0e4e21
G3,client_data/G3_dfccc5ee-99bc-11ec-b6b7-1e00bb0e4e21/e0025696-99bc-11ec-b6b7-1e00bb0e4e21,client_data/G3_dfccc5ee-99bc-11ec-b6b7-1e00bb0e4e21/e0025696-99bc-11ec-b6b7-1e00bb0e4e21
G3,client_data/G3_dfccc5ee-99bc-11ec-b6b7-1e00bb0e4e21/e0066696-99bc-11ec-b6b7-1e00bb0e4e21,client_data/G3_dfccc5ee-99bc-11ec-b6b7-1e00bb0e4e21/e0066696-99bc-11ec-b6b7-1e00bb0e4e21
G3,client_data/G3_dfccc5ee-99bc-11ec-b6b7-1e00bb0e4e21/e00a422a-99bc-11ec-b6b7-1e00bb0e4e21,client_data/G3_dfccc5ee-99bc-11ec-b6b7-1e00bb0e4e21/e00a422a-99bc-11ec-b6b7-1e00bb0e4e21
G3,client_data/G3_dfccc5ee-99bc-11ec-b6b7-1e00bb0e4e21/e00e106c-99bc-11ec-b6b7-1e00bb0e4e21,client_data/G3_dfccc5ee-99bc-11ec-b6b7-1e00bb0e4e21/e00e106c-99bc-11ec-b6b7-1e00bb0e4e21
G3,client_data/G3_dfccc5ee-99bc-11ec-b6b7-1e00bb0e4e21/e00eaaf4-99bc-11ec-b6b7-1e00bb0e4e21,client_data/G3_dfccc5ee-99bc-11ec-b6b7-1e00bb0e4e21/e00eaaf4-99bc-11ec-b6b7-1e00bb0e4e21
G3,client_data/G3_dfccc5ee-99bc-11ec-b6b7-1e00bb0e4e21/e01303ce-99bc-11ec-b6b7-1e00bb0e4e21,client_data/G3_dfccc5ee-99bc-11ec-b6b7-1e00bb0e4e21/e01303ce-99bc-11ec-b6b7-1e00bb0e4e21
G3,client_data/G3_dfccc5ee-99bc-11ec-b6b7-1e00bb0e4e21/e016a722-99bc-11ec-b6b7-1e00bb0e4e21,client_data/G3_dfccc5ee-99bc-11ec-b6b7-1e00bb0e4e21/e016a722-99bc-11ec-b6b7-1e00bb0e4e21
G3,client_data/G3_dfccc5ee-99bc-11ec-b6b7-1e00bb0e4e21/e01a6e66-99bc-11ec-b6b7-1e00bb0e4e21,client_data/G3_dfccc5ee-99bc-11ec-b6b7-1e00bb0e4e21/e01a6e66-99bc-11ec-b6b7-1e00bb0e4e21
G3,client_data/G3_dfccc5ee-99bc-11ec-b6b7-1e00bb0e4e21/e01d0996-99bc-11ec-b6b7-1e00bb0e4e21,client_data/G3_dfccc5ee-99bc-11ec-b6b7-1e00bb0e4e21/e01d0996-99bc-11ec-b6b7-1e00bb0e4e21
G3,client_data/G3_dfccc5ee-99bc-11ec-b6b7-1e00bb0e4e21/e02055b0-99bc-11ec-b6b7-1e00bb0e4e21,client_data/G3_dfccc5ee-99bc-11ec-b6b7-1e00bb0e4e21/e02055b0-99bc-11ec-b6b7-1e00bb0e4e21
G3,client_data/G3_dfccc5ee-99bc-11ec-b6b7-1e00bb0e4e21/e022d2cc-99bc-11ec-b6b7-1e00bb0e4e21,client_data/G3_dfccc5ee-99bc-11ec-b6b7-1e00bb0e4e21/e022d2cc-99bc-11ec-b6b7-1e00bb0e4e21
G3,client_data/G3_dfccc5ee-99bc-11ec-b6b7-1e00bb0e4e21/e0244cd8-99bc-11ec-b6b7-1e00bb0e4e21,client_data/G3_dfccc5ee-99bc-11ec-b6b7-1e00bb0e4e21/e0244cd8-99bc-11ec-b6b7-1e00bb0e4e21
G3,client_data/G3_dfccc5ee-99bc-11ec-b6b7-1e00bb0e4e21/e0266374-99bc-11ec-b6b7-1e00bb0e4e21,client_data/G3_dfccc5ee-99bc-11ec-b6b7-1e00bb0e4e21/e0266374-99bc-11ec-b6b7-1e00bb0e4e21
G3,client_data/G3_dfccc5ee-99bc-11ec-b6b7-1e00bb0e4e21/e0278fe2-99bc-11ec-b6b7-1e00bb0e4e21,client_data/G3_dfccc5ee-99bc-11ec-b6b7-1e00bb0e4e21/e0278fe2-99bc-11ec-b6b7-1e00bb0e4e21
G3,client_data/G3_dfccc5ee-99bc-11ec-b6b7-1e00bb0e4e21/e02ae0b6-99bc-11ec-b6b7-1e00bb0e4e21,client_data/G3_dfccc5ee-99bc-11ec-b6b7-1e00bb0e4e21/e02ae0b6-99bc-11ec-b6b7-1e00bb0e4e21
G3,client_data/G3_dfccc5ee-99bc-11ec-b6b7-1e00bb0e4e21/e02e5688-99bc-11ec-b6b7-1e00bb0e4e21,client_data/G3_dfccc5ee-99bc-11ec-b6b7-1e00bb0e4e21/e02e5688-99bc-11ec-b6b7-1e00bb0e4e21
G3,client_data/G3_dfccc5ee-99bc-11ec-b6b7-1e00bb0e4e21/e02f4584-99bc-11ec-b6b7-1e00bb0e4e21,client_data/G3_dfccc5ee-99bc-11ec-b6b7-1e00bb0e4e21/e02f4584-99bc-11ec-b6b7-1e00bb0e4e21
G3,client_data/G3_dfccc5ee-99bc-11ec-b6b7-1e00bb0e4e21/e0314abe-99bc-11ec-b6b7-1e00bb0e4e21,client_data/G3_dfccc5ee-99bc-11ec-b6b7-1e00bb0e4e21/e0314abe-99bc-11ec-b6b7-1e00bb0e4e21
G3,client_data/G3_dfccc5ee-99bc-11ec-b6b7-1e00bb0e4e21/e033ad9a-99bc-11ec-b6b7-1e00bb0e4e21,client_data/G3_dfccc5ee-99bc-11ec-b6b7-1e00bb0e4e21/e033ad9a-99bc-11ec-b6b7-1e00bb0e4e21
G3,client_data/G3_dfccc5ee-99bc-11ec-b6b7-1e00bb0e4e21/e0368b1e-99bc-11ec-b6b7-1e00bb0e4e21,client_data/G3_dfccc5ee-99bc-11ec-b6b7-1e00bb0e4e21/e0368b1e-99bc-11ec-b6b7-1e00bb0e4e21
G3,client_data/G3_dfccc5ee-99bc-11ec-b6b7-1e00bb0e4e21/e038109c-99bc-11ec-b6b7-1e00bb0e4e21,client_data/G3_dfccc5ee-99bc-11ec-b6b7-1e00bb0e4e21/e038109c-99bc-11ec-b6b7-1e00bb0e4e21
G3,client_data/G3_dfccc5ee-99bc-11ec-b6b7-1e00bb0e4e21/e039bd16-99bc-11ec-b6b7-1e00bb0e4e21,client_data/G3_dfccc5ee-99bc-11ec-b6b7-1e00bb0e4e21/e039bd16-99bc-11ec-b6b7-1e00bb0e4e21
G3,client_data/G3_dfccc5ee-99bc-11ec-b6b7-1e00bb0e4e21/e03a7490-99bc-11ec-b6b7-1e00bb0e4e21,client_data/G3_dfccc5ee-99bc-11ec-b6b7-1e00bb0e4e21/e03a7490-99bc-11ec-b6b7-1e00bb0e4e21
G3,client_data/G3_dfccc5ee-99bc-11ec-b6b7-1e00bb0e4e21/e03b37e0-99bc-11ec-b6b7-1e00bb0e4e21,client_data/G3_dfccc5ee-99bc-11ec-b6b7-1e00bb0e4e21/e03b37e0-99bc-11ec-b6b7-1e00bb0e4e21
G3,client_data/G3_dfccc5ee-99bc-11ec-b6b7-1e00bb0e4e21/e03ed40e-99bc-11ec-b6b7-1e00bb0e4e21,client_data/G3_dfccc5ee-99bc-11ec-b6b7-1e00bb0e4e21/e03ed40e-99bc-11ec-b6b7-1e00bb0e4e21
G3,client_data/G3_dfccc5ee-99bc-11ec-b6b7-1e00bb0e4e21/e0414568-99bc-11ec-b6b7-1e00bb0e4e21,client_data/G3_dfccc5ee-99bc-11ec-b6b7-1e00bb0e4e21/e0414568-99bc-11ec-b6b7-1e00bb0e4e21
G3,client_data/G3_dfccc5ee-99bc-11ec-b6b7-1e00bb0e4e21/e04335e4-99bc-11ec-b6b7-1e00bb0e4e21,client_data/G3_dfccc5ee-99bc-11ec-b6b7-1e00bb0e4e21/e04335e4-99bc-11ec-b6b7-1e00bb0e4e21
G3,client_data/G3_dfccc5ee-99bc-11ec-b6b7-1e00bb0e4e21/e0452ade-99bc-11ec-b6b7-1e00bb0e4e21,client_data/G3_dfccc5ee-99bc-11ec-b6b7-1e00bb0e4e21/e0452ade-99bc-11ec-b6b7-1e00bb0e4e21
G3,client_data/G3_dfccc5ee-99bc-11ec-b6b7-1e00bb0e4e21/e048d6f2-99bc-11ec-b6b7-1e00bb0e4e21,client_data/G3_dfccc5ee-99bc-11ec-b6b7-1e00bb0e4e21/e048d6f2-99bc-11ec-b6b7-1e00bb0e4e21
G3,client_data/G3_dfccc5ee-99bc-11ec-b6b7-1e00bb0e4e21/e04c0e76-99bc-11ec-b6b7-1e00bb0e4e21,client_data/G3_dfccc5ee-99bc-11ec-b6b7-1e00bb0e4e21/e04c0e76-99bc-11ec-b6b7-1e00bb0e4e21
G3,client_data/G3_dfccc5ee-99bc-11ec-b6b7-1e00bb0e4e21/e04edc96-99bc-11ec-b6b7-1e00bb0e4e21,client_data/G3_dfccc5ee-99bc-11ec-b6b7-1e00bb0e4e21/e04edc96-99bc-11ec-b6b7-1e00bb0e4e21
G3,client_data/G3_dfccc5ee-99bc-11ec-b6b7-1e00bb0e4e21/e0527e00-99bc-11ec-b6b7-1e00bb0e4e21,client_data/G3_dfccc5ee-99bc-11ec-b6b7-1e00bb0e4e21/e0527e00-99bc-11ec-b6b7-1e00bb0e4e21
G3,client_data/G3_dfccc5ee-99bc-11ec-b6b7-1e00bb0e4e21/e0560bba-99bc-11ec-b6b7-1e00bb0e4e21,client_data/G3_dfccc5ee-99bc-11ec-b6b7-1e00bb0e4e21/e0560bba-99bc-11ec-b6b7-1e00bb0e4e21
G3,client_data/G3_dfccc5ee-99bc-11ec-b6b7-1e00bb0e4e21/e0569242-99bc-11ec-b6b7-1e00bb0e4e21,client_data/G3_dfccc5ee-99bc-11ec-b6b7-1e00bb0e4e21/e0569242-99bc-11ec-b6b7-1e00bb0e4e21
G3,client_data/G3_dfccc5ee-99bc-11ec-b6b7-1e00bb0e4e21/e05a1124-99bc-11ec-b6b7-1e00bb0e4e21,client_data/G3_dfccc5ee-99bc-11ec-b6b7-1e00bb0e4e21/e05a1124-99bc-11ec-b6b7-1e00bb0e4e21
G3,client_data/G3_dfccc5ee-99bc-11ec-b6b7-1e00bb0e4e21/e05d6d7e-99bc-11ec-b6b7-1e00bb0e4e21,client_data/G3_dfccc5ee-99bc-11ec-b6b7-1e00bb0e4e21/e05d6d7e-99bc-11ec-b6b7-1e00bb0e4e21
G3,client_data/G3_dfccc5ee-99bc-11ec-b6b7-1e00bb0e4e21/e0609c06-99bc-11ec-b6b7-1e00bb0e4e21,client_data/G3_dfccc5ee-99bc-11ec-b6b7-1e00bb0e4e21/e0609c06-99bc-11ec-b6b7-1e00bb0e4e21
G3,client_data/G3_dfccc5ee-99bc-11ec-b6b7-1e00bb0e4e21/e062fc9e-99bc-11ec-b6b7-1e00bb0e4e21,client_data/G3_dfccc5ee-99bc-11ec-b6b7-1e00bb0e4e21/e062fc9e-99bc-11ec-b6b7-1e00bb0e4e21
G3,client_data/G3_dfccc5ee-99bc-11ec-b6b7-1e00bb0e4e21/e06503c2-99bc-11ec-b6b7-1e00bb0e4e21,client_data/G3_dfccc5ee-99bc-11ec-b6b7-1e00bb0e4e21/e06503c2-99bc-11ec-b6b7-1e00bb0e4e21
G3,client_data/G3_dfccc5ee-99bc-11ec-b6b7-1e00bb0e4e21/e068527a-99bc-11ec-b6b7-1e00bb0e4e21,client_data/G3_dfccc5ee-99bc-11ec-b6b7-1e00bb0e4e21/e068527a-99bc-11ec-b6b7-1e00bb0e4e21
G3,client_data/G3_dfccc5ee-99bc-11ec-b6b7-1e00bb0e4e21/e06b37a6-99bc-11ec-b6b7-1e00bb0e4e21,client_data/G3_dfccc5ee-99bc-11ec-b6b7-1e00bb0e4e21/e06b37a6-99bc-11ec-b6b7-1e00bb0e4e21
G3,client_data/G3_dfccc5ee-99bc-11ec-b6b7-1e00bb0e4e21/e06ef742-99bc-11ec-b6b7-1e00bb0e4e21,client_data/G3_dfccc5ee-99bc-11ec-b6b7-1e00bb0e4e21/e06ef742-99bc-11ec-b6b7-1e00bb0e4e21
G3,client_data/G3_dfccc5ee-99bc-11ec-b6b7-1e00bb0e4e21/e0710050-99bc-11ec-b6b7-1e00bb0e4e21,client_data/G3_dfccc5ee-99bc-11ec-b6b7-1e00bb0e4e21/e0710050-99bc-11ec-b6b7-1e00bb0e4e21
G3,client_data/G3_dfccc5ee-99bc-11ec-b6b7-1e00bb0e4e21/e0734158-99bc-11ec-b6b7-1e00bb0e4e21,client_data/G3_dfccc5ee-99bc-11ec-b6b7-1e00bb0e4e21/e0734158-99bc-11ec-b6b7-1e00bb0e4e21
G3,client_data/G3_dfccc5ee-99bc-11ec-b6b7-1e00bb0e4e21/e076a10e-99bc-11ec-b6b7-1e00bb0e4e21,client_data/G3_dfccc5ee-99bc-11ec-b6b7-1e00bb0e4e21/e076a10e-99bc-11ec-b6b7-1e00bb0e4e21
G3,client_data/G3_dfccc5ee-99bc-11ec-b6b7-1e00bb0e4e21/e077a9fa-99bc-11ec-b6b7-1e00bb0e4e21,client_data/G3_dfccc5ee-99bc-11ec-b6b7-1e00bb0e4e21/e077a9fa-99bc-11ec-b6b7-1e00bb0e4e21
G3,client_data/G3_dfccc5ee-99bc-11ec-b6b7-1e00bb0e4e21/e07b503c-99bc-11ec-b6b7-1e00bb0e4e21,client_data/G3_dfccc5ee-99bc-11ec-b6b7-1e00bb0e4e21/e07b503c-99bc-11ec-b6b7-1e00bb0e4e21
G3,client_data/G3_dfccc5ee-99bc-11ec-b6b7-1e00bb0e4e21/e07c1508-99bc-11ec-b6b7-1e00bb0e4e21,client_data/G3_dfccc5ee-99bc-11ec-b6b7-1e00bb0e4e21/e07c1508-99bc-11ec-b6b7-1e00bb0e4e21
G3,client_data/G3_dfccc5ee-99bc-11ec-b6b7-1e00bb0e4e21/e07f935e-99bc-11ec-b6b7-1e00bb0e4e21,client_data/G3_dfccc5ee-99bc-11ec-b6b7-1e00bb0e4e21/e07f935e-99bc-11ec-b6b7-1e00bb0e4e21
G3,client_data/G3_dfccc5ee-99bc-11ec-b6b7-1e00bb0e4e21/e08030e8-99bc-11ec-b6b7-1e00bb0e4e21,client_data/G3_dfccc5ee-99bc-11ec-b6b7-1e00bb0e4e21/e08030e8-99bc-11ec-b6b7-1e00bb0e4e21
G3,client_data/G3_dfccc5ee-99bc-11ec-b6b7-1e00bb0e4e21/e083ba38-99bc-11ec-b6b7-1e00bb0e4e21,client_data/G3_dfccc5ee-99bc-11ec-b6b7-1e00bb0e4e21/e083ba38-99bc-11ec-b6b7-1e00bb0e4e21
G3,client_data/G3_dfccc5ee-99bc-11ec-b6b7-1e00bb0e4e21/e0868574-99bc-11ec-b6b7-1e00bb0e4e21,client_data/G3_dfccc5ee-99bc-11ec-b6b7-1e00bb0e4e21/e0868574-99bc-11ec-b6b7-1e00bb0e4e21
G3,client_data/G3_dfccc5ee-99bc-11ec-b6b7-1e00bb0e4e21/e0894368-99bc-11ec-b6b7-1e00bb0e4e21,client_data/G3_dfccc5ee-99bc-11ec-b6b7-1e00bb0e4e21/e0894368-99bc-11ec-b6b7-1e00bb0e4e21
G3,client_data/G3_dfccc5ee-99bc-11ec-b6b7-1e00bb0e4e21/e08b996a-99bc-11ec-b6b7-1e00bb0e4e21,client_data/G3_dfccc5ee-99bc-11ec-b6b7-1e00bb0e4e21/e08b996a-99bc-11ec-b6b7-1e00bb0e4e21
G3,client_data/G3_dfccc5ee-99bc-11ec-b6b7-1e00bb0e4e21/e08e4a48-99bc-11ec-b6b7-1e00bb0e4e21,client_data/G3_dfccc5ee-99bc-11ec-b6b7-1e00bb0e4e21/e08e4a48-99bc-11ec-b6b7-1e00bb0e4e21
G3,client_data/G3_dfccc5ee-99bc-11ec-b6b7-1e00bb0e4e21/e091ec70-99bc-11ec-b6b7-1e00bb0e4e21,client_data/G3_dfccc5ee-99bc-11ec-b6b7-1e00bb0e4e21/e091ec70-99bc-11ec-b6b7-1e00bb0e4e21
G3,client_data/G3_dfccc5ee-99bc-11ec-b6b7-1e00bb0e4e21/e0933f76-99bc-11ec-b6b7-1e00bb0e4e21,client_data/G3_dfccc5ee-99bc-11ec-b6b7-1e00bb0e4e21/e0933f76-99bc-11ec-b6b7-1e00bb0e4e21
G3,client_data/G3_dfccc5ee-99bc-11ec-b6b7-1e00bb0e4e21/e09610c0-99bc-11ec-b6b7-1e00bb0e4e21,client_data/G3_dfccc5ee-99bc-11ec-b6b7-1e00bb0e4e21/e09610c0-99bc-11ec-b6b7-1e00bb0e4e21
G3,client_data/G3_dfccc5ee-99bc-11ec-b6b7-1e00bb0e4e21/e0993584-99bc-11ec-b6b7-1e00bb0e4e21,client_data/G3_dfccc5ee-99bc-11ec-b6b7-1e00bb0e4e21/e0993584-99bc-11ec-b6b7-1e00bb0e4e21
G3,client_data/G3_dfccc5ee-99bc-11ec-b6b7-1e00bb0e4e21/e09b595e-99bc-11ec-b6b7-1e00bb0e4e21,client_data/G3_dfccc5ee-99bc-11ec-b6b7-1e00bb0e4e21/e09b595e-99bc-11ec-b6b7-1e00bb0e4e21
G3,client_data/G3_dfccc5ee-99bc-11ec-b6b7-1e00bb0e4e21/e09f162a-99bc-11ec-b6b7-1e00bb0e4e21,client_data/G3_dfccc5ee-99bc-11ec-b6b7-1e00bb0e4e21/e09f162a-99bc-11ec-b6b7-1e00bb0e4e21
G3,client_data/G3_dfccc5ee-99bc-11ec-b6b7-1e00bb0e4e21/e0a23396-99bc-11ec-b6b7-1e00bb0e4e21,client_data/G3_dfccc5ee-99bc-11ec-b6b7-1e00bb0e4e21/e0a23396-99bc-11ec-b6b7-1e00bb0e4e21
G3,client_data/G3_dfccc5ee-99bc-11ec-b6b7-1e00bb0e4e21/e0a37d96-99bc-11ec-b6b7-1e00bb0e4e21,client_data/G3_dfccc5ee-99bc-11ec-b6b7-1e00bb0e4e21/e0a37d96-99bc-11ec-b6b7-1e00bb0e4e21
G3,client_data/G3_dfccc5ee-99bc-11ec-b6b7-1e00bb0e4e21/e0a52da8-99bc-11ec-b6b7-1e00bb0e4e21,client_data/G3_dfccc5ee-99bc-11ec-b6b7-1e00bb0e4e21/e0a52da8-99bc-11ec-b6b7-1e00bb0e4e21
G3,client_data/G3_dfccc5ee-99bc-11ec-b6b7-1e00bb0e4e21/e0a711cc-99bc-11ec-b6b7-1e00bb0e4e21,client_data/G3_dfccc5ee-99bc-11ec-b6b7-1e00bb0e4e21/e0a711cc-99bc-11ec-b6b7-1e00bb0e4e21
G3,client_data/G3_dfccc5ee-99bc-11ec-b6b7-1e00bb0e4e21/e0a9f478-99bc-11ec-b6b7-1e00bb0e4e21,client_data/G3_dfccc5ee-99bc-11ec-b6b7-1e00bb0e4e21/e0a9f478-99bc-11ec-b6b7-1e00bb0e4e21
G3,client_data/G3_dfccc5ee-99bc-11ec-b6b7-1e00bb0e4e21/e0ac30e4-99bc-11ec-b6b7-1e00bb0e4e21,client_data/G3_dfccc5ee-99bc-11ec-b6b7-1e00bb0e4e21/e0ac30e4-99bc-11ec-b6b7-1e00bb0e4e21
G3,client_data/G3_dfccc5ee-99bc-11ec-b6b7-1e00bb0e4e21/e0aeed7a-99bc-11ec-b6b7-1e00bb0e4e21,client_data/G3_dfccc5ee-99bc-11ec-b6b7-1e00bb0e4e21/e0aeed7a-99bc-11ec-b6b7-1e00bb0e4e21
G3,client_data/G3_dfccc5ee-99bc-11ec-b6b7-1e00bb0e4e21/e0b064c0-99bc-11ec-b6b7-1e00bb0e4e21,client_data/G3_dfccc5ee-99bc-11ec-b6b7-1e00bb0e4e21/e0b064c0-99bc-11ec-b6b7-1e00bb0e4e21
G3,client_data/G3_dfccc5ee-99bc-11ec-b6b7-1e00bb0e4e21/e0b14e80-99bc-11ec-b6b7-1e00bb0e4e21,client_data/G3_dfccc5ee-99bc-11ec-b6b7-1e00bb0e4e21/e0b14e80-99bc-11ec-b6b7-1e00bb0e4e21
G3,client_data/G3_dfccc5ee-99bc-11ec-b6b7-1e00bb0e4e21/e0b46066-99bc-11ec-b6b7-1e00bb0e4e21,client_data/G3_dfccc5ee-99bc-11ec-b6b7-1e00bb0e4e21/e0b46066-99bc-11ec-b6b7-1e00bb0e4e21
G3,client_data/G3_dfccc5ee-99bc-11ec-b6b7-1e00bb0e4e21/e0b5ede6-99bc-11ec-b6b7-1e00bb0e4e21,client_data/G3_dfccc5ee-99bc-11ec-b6b7-1e00bb0e4e21/e0b5ede6-99bc-11ec-b6b7-1e00bb0e4e21
G3,client_data/G3_dfccc5ee-99bc-11ec-b6b7-1e00bb0e4e21/e0b8e172-99bc-11ec-b6b7-1e00bb0e4e21,client_data/G3_dfccc5ee-99bc-11ec-b6b7-1e00bb0e4e21/e0b8e172-99bc-11ec-b6b7-1e00bb0e4e21
G3,client_data/G3_dfccc5ee-99bc-11ec-b6b7-1e00bb0e4e21/e0b9cb6e-99bc-11ec-b6b7-1e00bb0e4e21,client_data/G3_dfccc5ee-99bc-11ec-b6b7-1e00bb0e4e21/e0b9cb6e-99bc-11ec-b6b7-1e00bb0e4e21
G3,client_data/G3_dfccc5ee-99bc-11ec-b6b7-1e00bb0e4e21/e0bd81c8-99bc-11ec-b6b7-1e00bb0e4e21,client_data/G3_dfccc5ee-99bc-11ec-b6b7-1e00bb0e4e21/e0bd81c8-99bc-11ec-b6b7-1e00bb0e4e21
G3,client_data/G3_dfccc5ee-99bc-11ec-b6b7-1e00bb0e4e21/e0bf0156-99bc-11ec-b6b7-1e00bb0e4e21,client_data/G3_dfccc5ee-99bc-11ec-b6b7-1e00bb0e4e21/e0bf0156-99bc-11ec-b6b7-1e00bb0e4e21
G3,client_data/G3_dfccc5ee-99bc-11ec-b6b7-1e00bb0e4e21/e0c0b406-99bc-11ec-b6b7-1e00bb0e4e21,client_data/G3_dfccc5ee-99bc-11ec-b6b7-1e00bb0e4e21/e0c0b406-99bc-11ec-b6b7-1e00bb0e4e21
G3,client_data/G3_dfccc5ee-99bc-11ec-b6b7-1e00bb0e4e21/e0c1cee0-99bc-11ec-b6b7-1e00bb0e4e21,client_data/G3_dfccc5ee-99bc-11ec-b6b7-1e00bb0e4e21/e0c1cee0-99bc-11ec-b6b7-1e00bb0e4e21
